,Product URL,Catalog Image
0,https://www.corporategear.com/eddie-bauer-men-s-fleece-vest.html?v=product-detail,"[""/resources/parsonskellogg/product/medium/494044_eb204_black_flat_front_060912.jpg"",""/resources/parsonskellogg/product/medium/494053_eb204_greysteel_flat_front_060912.jpg"",""/resources/parsonskellogg/product/medium/494062_eb204_riverblue_flat_front_060912.jpg""]"
2,https://www.corporategear.com/fairway-greene-men-s-tech-solid-1-4-zip-vest.html?v=product-detail,"[""/resources/parsonskellogg/product/medium/ct102286-blk.jpg"",""/resources/parsonskellogg/product/medium/ct102286-sgr.jpg"",""/resources/parsonskellogg/product/medium/637985876700723164_1007279_5763817_swatch_mos.jpg""]"
4,https://www.corporategear.com/carhartt-men-s-gilliam-vest.html?v=product-detail,"[""/resources/parsonskellogg/product/medium/s17028-blk.jpg"",""/resources/parsonskellogg/product/medium/s17028-gry.jpg"",""/resources/parsonskellogg/product/medium/s17028-nvy.jpg""]"
6,https://www.corporategear.com/core-365-men-s-techno-lite-unlined-vest.html?v=product-detail,"[""/resources/parsonskellogg/product/medium/ms22ez51-grn.jpg""]"
8,https://www.corporategear.com/spyder-men-s-transit-vest.html?v=product-detail,"[""/resources/parsonskellogg/product/medium/72095-990.jpg""]"
10,https://www.corporategear.com/peter-millar-men-s-essex-quilted-vest.html?v=product-detail,"[""/resources/parsonskellogg/product/medium/mf22ek42c-spt.jpg""]"
12,https://www.corporategear.com/peter-millar-men-s-fuse-hyperlight-hybrid-vest.html?v=product-detail,"[""/resources/parsonskellogg/product/medium/mf22z00-blk.jpg""]"
14,https://www.corporategear.com/patagonia-men-s-synch-vest.html?v=product-detail,"[""/resources/parsonskellogg/product/medium/901077_47.jpg"",""/resources/parsonskellogg/product/medium/901077_51.jpg"",""/resources/parsonskellogg/product/medium/901077_52.jpg"",""/resources/parsonskellogg/product/medium/901077_54.jpg"",""/resources/parsonskellogg/product/medium/901077_96.jpg""]"
16,https://www.corporategear.com/helly-hansen-men-s-manchester-2.0-fleece-vest.html?v=product-detail,"[""/resources/parsonskellogg/product/medium/9722-110.png"",""/resources/parsonskellogg/product/medium/9722-514.png"",""/resources/parsonskellogg/product/medium/9722-129.png""]"
18,https://www.corporategear.com/helly-hansen-men-s-oxford-lined-vest.html?v=product-detail,"[""/resources/parsonskellogg/product/medium/6747-blk.jpg"",""/resources/parsonskellogg/product/medium/6747-chr.jpg"",""/resources/parsonskellogg/product/medium/6747-nvy.jpg""]"
20,https://www.corporategear.com/peter-millar-men-s-forge-performance-quarter-zip-vest.html?v=product-detail,"[""/resources/parsonskellogg/product/medium/ce701-blk.jpg"",""/resources/parsonskellogg/product/medium/ce701-gry.jpg"",""/resources/parsonskellogg/product/medium/ce701-nvy.jpg""]"
22,https://www.corporategear.com/men-s-peter-millar-all-course-vest.html?v=product-detail,"[""/resources/parsonskellogg/product/medium/637590180402151294_1008478_5713500_color_039.jpg""]"
24,https://www.corporategear.com/peter-millar-men-s-apres-ski-vest.html?v=product-detail,"[""/resources/parsonskellogg/product/medium/637721397815842755_1010969_5733480_color_010.jpg"",""/resources/parsonskellogg/product/medium/637721397823523698_1010969_5733488_color_060.jpg"",""/resources/parsonskellogg/product/medium/637721397838246731_1010969_5733496_color_419.jpg""]"
26,https://www.corporategear.com/patagonia-men-s-better-sweater-vest.html?v=product-detail,"[""/resources/parsonskellogg/product/medium/s17274-bht.jpg"",""/resources/parsonskellogg/product/medium/s17274-blg.jpg"",""/resources/parsonskellogg/product/medium/s17274-nht.jpg""]"
28,https://www.corporategear.com/men-s-rocklin-fleece-vest.html?v=product-detail,"[""/resources/parsonskellogg/product/medium/eb546-blk.jpg"",""/resources/parsonskellogg/product/medium/637946152517330011_1013576_5752525_color_irn.jpg"",""/resources/parsonskellogg/product/medium/637946153116975059_1013576_5752534_color_nvy.jpg""]"
30,https://www.corporategear.com/johnnie-o-men-s-wes-full-zip-vest.html?v=product-detail,"[""/resources/parsonskellogg/product/medium/mf22k61-blk.jpg"",""/resources/parsonskellogg/product/medium/mf22k61-red.jpg"",""/resources/parsonskellogg/product/medium/mf22k61-gry.jpg"",""/resources/parsonskellogg/product/medium/mf22k61-nvy.jpg""]"
32,https://www.corporategear.com/charles-river-men-s-pacific-heathered-vest.html?v=product-detail,"[""/resources/parsonskellogg/product/medium/mf22xz07-haz.jpg"",""/resources/parsonskellogg/product/medium/mf22xz07-nvy.jpg""]"
34,https://www.corporategear.com/the-north-face-men-s-sweater-fleece-vest.html?v=product-detail,"[""/resources/parsonskellogg/product/medium/1005371_5687727_color_nvy.jpg"",""/resources/parsonskellogg/product/medium/1005371_5687713_color_blk.jpg"",""/resources/parsonskellogg/product/medium/1005371_5687720_color_irn.jpg"",""/resources/parsonskellogg/product/medium/1005371_5687734_color_wht.jpg""]"
36,https://www.corporategear.com/columbia-men-s-steens-mountain-vest.html?v=product-detail,"[""/resources/parsonskellogg/product/medium/fj231-23011.jpg"",""/resources/parsonskellogg/product/medium/fj231-23012.jpg"",""/resources/parsonskellogg/product/medium/fj231-23014.jpg"",""/resources/parsonskellogg/product/medium/fj231-25029.jpg"",""/resources/parsonskellogg/product/medium/fj231-25028.jpg""]"
38,https://www.corporategear.com/the-north-face-men-s-ridgewall-soft-shell-vest.html?v=product-detail,"[""/resources/parsonskellogg/product/medium/cgm743-001.jpg"",""/resources/parsonskellogg/product/medium/cgm743-410.jpg""]"
40,https://www.corporategear.com/core-365-men-s-cruise-two-layer-fleece-bonded-soft-shell-vest.html?v=product-detail,"[""/resources/parsonskellogg/product/medium/637746331639541101_1011388_5736722_color_25195.jpg"",""/resources/parsonskellogg/product/medium/637746333088806085_1011388_5736728_color_25196.jpg"",""/resources/parsonskellogg/product/medium/637746333097427833_1011388_5736734_color_25197.jpg""]"
42,https://www.corporategear.com/core-365-men-s-journey-fleece-vest.html?v=product-detail,"[""/resources/parsonskellogg/product/medium/fj542-23521.png"",""/resources/parsonskellogg/product/medium/fj542-23522.png""]"
44,https://www.corporategear.com/vineyard-vines-men-s-mountain-sweater-fleece-vest.html?v=product-detail,"[""/resources/parsonskellogg/product/medium/fj547-25304.png"",""/resources/parsonskellogg/product/medium/fj547-25305.png"",""/resources/parsonskellogg/product/medium/fj547-25306.png""]"
46,https://www.corporategear.com/vineyard-vines-men-s-tech-fleece-harbor-vest.html?v=product-detail,"[""/resources/parsonskellogg/product/medium/jmvt1410-gry.jpg"",""/resources/parsonskellogg/product/medium/jmvt1410-blk.jpg"",""/resources/parsonskellogg/product/medium/jmvt1410-nvy.jpg""]"
48,https://www.corporategear.com/nike-men-s-therma-fit-vest.html?v=product-detail,"[""/resources/parsonskellogg/product/medium/637635067443997106_1009113_5716029_color_nvy.jfif""]"
50,https://www.corporategear.com/stio-men-s-wilcox-fleece-vest.html?v=product-detail,"[""/resources/parsonskellogg/product/medium/mf22ez300-blk.jpg""]"
52,https://www.corporategear.com/spyder-men-s-pursuit-vest.html?v=product-detail,"[""/resources/parsonskellogg/product/medium/mf22ez51-pur.jpg""]"
54,https://www.corporategear.com/peter-millar-men-s-autumn-crest-quarter-zip-vest.html?v=product-detail,"[""/resources/parsonskellogg/product/medium/mf22ek86-blk.jpg"",""/resources/parsonskellogg/product/medium/mf22ek86-spt.jpg""]"
56,https://www.corporategear.com/eddie-bauer-men-s-stretch-soft-shell-vest.html?v=product-detail,"[""/resources/parsonskellogg/product/medium/mf22ez46-bri.jpg"",""/resources/parsonskellogg/product/medium/mf22ez46-irn.jpg"",""/resources/parsonskellogg/product/medium/mf22ez46-grn.jpg""]"
58,https://www.corporategear.com/ogio-men-s-grit-fleece-vest.html?v=product-detail,"[""/resources/parsonskellogg/product/medium/30270-597.jpg"",""/resources/parsonskellogg/product/medium/30270-990.jpg"",""/resources/parsonskellogg/product/medium/30270-853.jpg"",""/resources/parsonskellogg/product/medium/30270-001.jpg""]"
60,https://www.corporategear.com/peter-millar-men-s-crown-sweater-fleece-vest.html?v=product-detail,"[""/resources/parsonskellogg/product/medium/965776_ctv01_black_flat_front.jpg"",""/resources/parsonskellogg/product/medium/965785_ctv01_carharttbrown_flat_front.jpg""]"
62,https://www.corporategear.com/peter-millar-men-s-solid-micro-shearling-fleece-vest.html?v=product-detail,"[""/resources/parsonskellogg/product/medium/1007969_5710089_color_002.jpg"",""/resources/parsonskellogg/product/medium/1007969_5710096_color_0410.jpg"",""/resources/parsonskellogg/product/medium/637847729776608824_1007969_5744749_swatch_928.jfif""]"
64,https://www.corporategear.com/peter-millar-men-s-stealth-fleece-vest.html?v=product-detail,"[""/resources/parsonskellogg/product/medium/j325-blk.jpg"",""/resources/parsonskellogg/product/medium/j325-nvy.jpg"",""/resources/parsonskellogg/product/medium/j325-gry.jpg""]"
66,https://www.corporategear.com/peter-millar-men-s-printed-micro-shearling-fleece-vest.html?v=product-detail,"[""/resources/parsonskellogg/product/medium/637727392531300784_1011028_5733948_color_990.jpg"",""/resources/parsonskellogg/product/medium/637727392553854551_1011028_5733957_color_590.jpg""]"
68,https://www.corporategear.com/peter-millar-men-s-galway-performance-1-4-zip-vest.html?v=product-detail,"[""/resources/parsonskellogg/product/medium/62940-991.jpg""]"
70,https://www.corporategear.com/fairway-greene-men-s-baruffa-1-4-zip-windvest.html?v=product-detail,"[""/resources/parsonskellogg/product/medium/638004943487182132_1012126_5771480_swatch_2896.jpg""]"
72,https://www.corporategear.com/foot-joy-men-s-jersey-pullover-vest.html?v=product-detail,"[""/resources/parsonskellogg/product/medium/s17749-blk.jpg"",""/resources/parsonskellogg/product/medium/s17749-gry.jpg"",""/resources/parsonskellogg/product/medium/s17749-nvy.jpg""]"
74,https://www.corporategear.com/footjoy-men-s-full-zip-lightweight-vest.html?v=product-detail,"[""/resources/parsonskellogg/product/medium/ms22z04-blu.jpg"",""/resources/parsonskellogg/product/medium/ms22z04-nvy.jpg""]"
76,https://www.corporategear.com/callaway-golf-men-s-ultrasonic-quilted-vest.html?v=product-detail,"[""/resources/parsonskellogg/product/medium/74086-220.jpg"",""/resources/parsonskellogg/product/medium/74086-590.jpg"",""/resources/parsonskellogg/product/medium/74086-910.jpg"",""/resources/parsonskellogg/product/medium/74086-950.jpg"",""/resources/parsonskellogg/product/medium/74086-990.jpg""]"
78,https://www.corporategear.com/lacoste-men-s-sport-lightweight-water-resistant-quilted-golf-vest.html?v=product-detail,"[""/resources/parsonskellogg/product/medium/mf22z13-grn.jpg"",""/resources/parsonskellogg/product/medium/mf22z13-org.jpg"",""/resources/parsonskellogg/product/medium/mf22z13-brn.jpg"",""/resources/parsonskellogg/product/medium/mf22z13-red.jpg"",""/resources/parsonskellogg/product/medium/mf22z13-kha.jpg"",""/resources/parsonskellogg/product/medium/mf22z13-olv.jpg"",""/resources/parsonskellogg/product/medium/mf22z13-stm.jpg""]"
80,https://www.corporategear.com/footjoy-men-s-full-zip-thermal-insulated-vest.html?v=product-detail,"[""/resources/parsonskellogg/product/medium/mf22z09-red.jpg"",""/resources/parsonskellogg/product/medium/mf22z09-nvy.jpg""]"
82,https://www.corporategear.com/footjoy-men-s-hydroknit-vest.html?v=product-detail,"[""/resources/parsonskellogg/product/medium/1188234_84075_smdb.jpg"",""/resources/parsonskellogg/product/medium/802047_84075_blk.jpg"",""/resources/parsonskellogg/product/medium/802062_84075_fge.jpg""]"
84,https://www.corporategear.com/footjoy-men-s-half-zip-windshirt-vest.html?v=product-detail,"[""/resources/parsonskellogg/product/medium/nf0a529a-bog.jpg"",""/resources/parsonskellogg/product/medium/nf0a529a-blu.jpg"",""/resources/parsonskellogg/product/medium/nf0a529a-blk.jpg""]"
86,https://www.corporategear.com/footjoy-men-s-heather-yoke-half-zip-vest.html?v=product-detail,"[""/resources/parsonskellogg/product/medium/173801-blk.jpg"",""/resources/parsonskellogg/product/medium/173801-blg.jpg"",""/resources/parsonskellogg/product/medium/173801-rgr.jpg""]"
88,https://www.corporategear.com/footjoy-men-s-hybrid-vest.html?v=product-detail,"[""/resources/parsonskellogg/product/medium/200026-110.jpg"",""/resources/parsonskellogg/product/medium/200026-410.jpg""]"
90,https://www.corporategear.com/peter-millar-men-s-stealth-performance-quarter-zip-vest.html?v=product-detail,"[""/resources/parsonskellogg/product/medium/cw8038-060.jpg"",""/resources/parsonskellogg/product/medium/cw8038-010.jpg"",""/resources/parsonskellogg/product/medium/cw8038-436.jpg""]"
92,https://www.corporategear.com/johnnie-o-men-s-denny-prep-formance-quarter-zip-vest.html?v=product-detail,"[""/resources/parsonskellogg/product/medium/mf22z07-tan.jpg""]"
94,https://www.corporategear.com/peter-millar-men-s-flex-adapt-half-zip-vest.html?v=product-detail,"[""/resources/parsonskellogg/product/medium/200021-110.jpg"",""/resources/parsonskellogg/product/medium/200021-410.jpg""]"
95,https://www.corporategear.com/patagonia-men-s-better-sweater-1-4-zip.html?v=product-detail,"[""/resources/parsonskellogg/product/medium/1043602_25523_sth.jpg"",""/resources/parsonskellogg/product/medium/1043594_25523_nkl.jpg"",""/resources/parsonskellogg/product/medium/1043578_25523_nena.jpg"",""/resources/parsonskellogg/product/medium/1043642_25523_pigr.jpg"",""/resources/parsonskellogg/product/medium/1043570_25523_blk.jpg"",""/resources/parsonskellogg/product/medium/1043626_25523_ldbr.jpg""]"
97,https://www.corporategear.com/peter-millar-men-s-perth-performance-melange-quarter-zip.html?v=product-detail,"[""/resources/parsonskellogg/product/medium/637654088584845166_1006109_5723231_swatch_blw.jpg"",""/resources/parsonskellogg/product/medium/nf0a3lhb-blk.jpg"",""/resources/parsonskellogg/product/medium/nf0a3lhb-agh.jpg"",""/resources/parsonskellogg/product/medium/nf0a3lhb-crd.jpg"",""/resources/parsonskellogg/product/medium/nf0a3lhb-lgr.jpg"",""/resources/parsonskellogg/product/medium/nf0a3lhb-nvy.jpg"",""/resources/parsonskellogg/product/medium/nf0a3lhb-blu.jpg"",""/resources/parsonskellogg/product/medium/1006109_5694807_color_bog.jpg"",""/resources/parsonskellogg/product/medium/nf0a3lhb-org.jpg""]"
99,https://www.corporategear.com/the-north-face-men-s-tech-1-4-zip.html?v=product-detail,"[""/resources/parsonskellogg/product/medium/1005363_5687639_color_irw.jpg"",""/resources/parsonskellogg/product/medium/1005363_5687632_color_cbl.jpg"",""/resources/parsonskellogg/product/medium/1005363_5687646_color_nvw.jpg""]"
101,https://www.corporategear.com/the-north-face-men-s-tech-1-4-zip.html,"[""/resources/parsonskellogg/product/medium/637970274360890765_1007925_5709733_swatch_6307.png"",""/resources/parsonskellogg/product/medium/637970274419345189_1007925_5709740_swatch_6313.png""]"
102,https://www.corporategear.com/under-armour-men-s-tech-1-4-zip.html?v=product-detail,"[""/resources/parsonskellogg/product/medium/637544312629835338_1006841_5711843_swatch_657.jfif"",""/resources/parsonskellogg/product/medium/cn9492-010.jpg"",""/resources/parsonskellogg/product/medium/cn9492-060.jpg"",""/resources/parsonskellogg/product/medium/cn9492-419.jpg"",""/resources/parsonskellogg/product/medium/cn9492-493.jpg"",""/resources/parsonskellogg/product/medium/cn9492-545.jpg"",""/resources/parsonskellogg/product/medium/cn9492-669.jpg"",""/resources/parsonskellogg/product/medium/cn9492-610.jpg""]"
104,https://www.corporategear.com/peter-millar-men-s-perth-sugar-stripe-1-4-zip.html?v=product-detail,"[""/resources/parsonskellogg/product/medium/1006785_5699377_color_599.png"",""/resources/parsonskellogg/product/medium/1006785_5699383_color_854.png""]"
106,https://www.corporategear.com/adidas-men-s-under-the-lights-long-sleeve-1-4-zip-knit.html?v=product-detail,"[""/resources/parsonskellogg/product/medium/1007998_5710261_color_gre.jpg"",""/resources/parsonskellogg/product/medium/1007998_5710262_color_nvy.jpg""]"
108,https://www.corporategear.com/vineyard-vines-men-s-blank-saltwater-1-4-zip.html?v=product-detail,"[""/resources/parsonskellogg/product/medium/1k001863-6306.jpg"",""/resources/parsonskellogg/product/medium/1k001863-6315.jpg"",""/resources/parsonskellogg/product/medium/1k001863-6307.jpg""]"
110,https://www.corporategear.com/nike-men-s-therma-long-sleeve-training-top.html?v=product-detail,"[""/resources/parsonskellogg/product/medium/478499_eb234_black_flat_front.jpg"",""/resources/parsonskellogg/product/medium/478509_eb234_riverbluegreyprint_flat_front.jpg"",""/resources/parsonskellogg/product/medium/478528_eb234_ascentblue_flat_front.jpg""]"
112,https://www.corporategear.com/foot-joy-men-s-1-4-zip-pullover.html?v=product-detail,"[""/resources/parsonskellogg/product/medium/1005249_5685763_color_010.png"",""/resources/parsonskellogg/product/medium/1005249_5685769_color_060.png"",""/resources/parsonskellogg/product/medium/1005249_5685775_color_419.png"",""/resources/parsonskellogg/product/medium/1005249_5685781_color_493.png"",""/resources/parsonskellogg/product/medium/1005249_5685787_color_657.png"",""/resources/parsonskellogg/product/medium/cn9511-610.jpg"",""/resources/parsonskellogg/product/medium/cn9511-669.jpg"",""/resources/parsonskellogg/product/medium/cn9511-341.jpg"",""/resources/parsonskellogg/product/medium/cn9511-545.jpg""]"
114,https://www.corporategear.com/helly-hansen-men-s-1-2-zip-pullover.html?v=product-detail,"[""/resources/parsonskellogg/product/medium/48365-001.jpg"",""/resources/parsonskellogg/product/medium/48365-597.jpg"",""/resources/parsonskellogg/product/medium/48365-930.jpg""]"
116,https://www.corporategear.com/johnnie-o-men-s-flex-1-4-zip-pullover.html?v=product-detail,"[""/resources/parsonskellogg/product/medium/655f-cg1389.jpg"",""/resources/parsonskellogg/product/medium/655f-s97363.jpg"",""/resources/parsonskellogg/product/medium/655f-s97364.jpg"",""/resources/parsonskellogg/product/medium/655f-s97365.jpg"",""/resources/parsonskellogg/product/medium/655f-s97366.jpg"",""/resources/parsonskellogg/product/medium/655f-s97367.jpg""]"
118,https://www.corporategear.com/zero-restriction-men-s-z425-1-4-zip-pullover.html?v=product-detail,"[""/resources/parsonskellogg/product/medium/j11500-mre.jpg"",""/resources/parsonskellogg/product/medium/j11500-gre.jpg""]"
120,https://www.corporategear.com/travismathew-men-s-newport-quarter-zip-fleece.html?v=product-detail,"[""/resources/parsonskellogg/product/medium/c11512-bal.jpg"",""/resources/parsonskellogg/product/medium/c11512-blk.jpg"",""/resources/parsonskellogg/product/medium/c11512-dgr.jpg"",""/resources/parsonskellogg/product/medium/c11512-wht.jpg""]"
122,https://www.corporategear.com/vineyard-vines-men-s-saltwater-1-4-zip.html?v=product-detail,"[""/resources/parsonskellogg/product/medium/1005671_5690825_color_wht.jpg"",""/resources/parsonskellogg/product/medium/1005671_5690832_color_blk.jpg"",""/resources/parsonskellogg/product/medium/1005671_5690839_color_bht.jpg"",""/resources/parsonskellogg/product/medium/1005671_5690846_color_nvy.jpg"",""/resources/parsonskellogg/product/medium/1005671_5690853_color_roy.jpg"",""/resources/parsonskellogg/product/medium/1005671_5690860_color_gre.jpg"",""/resources/parsonskellogg/product/medium/1005671_5690867_color_red.jpg""]"
124,https://www.corporategear.com/patagonia-men-s-micro-d-pullover.html?v=product-detail,"[""/resources/parsonskellogg/product/medium/cgm742-001.jpg"",""/resources/parsonskellogg/product/medium/cgm742-426.jpg""]"
126,https://www.corporategear.com/eddie-bauer-1-2-zip-performance-fleece.html?v=product-detail,"[""/resources/parsonskellogg/product/medium/cgm502-001.jpg"",""/resources/parsonskellogg/product/medium/cgm502-100.jpg"",""/resources/parsonskellogg/product/medium/cgm502-410.jpg""]"
128,https://www.corporategear.com/patagonia-men-s-woolyester-fleece-pullover.html?v=product-detail,"[""/resources/parsonskellogg/product/medium/cgm505-002.jpg"",""/resources/parsonskellogg/product/medium/cgm505-479.jpg""]"
130,https://www.corporategear.com/nike-men-s-therma-crew.html?v=product-detail,"[""/resources/parsonskellogg/product/medium/og139-blk.jpg"",""/resources/parsonskellogg/product/medium/og139-dig.jpg"",""/resources/parsonskellogg/product/medium/og139-nvy.jpg""]"
132,https://www.corporategear.com/nike-men-s-therma-crew.html,"[""/resources/parsonskellogg/product/medium/50844-599.jpg"",""/resources/parsonskellogg/product/medium/50844-639.jpg"",""/resources/parsonskellogg/product/medium/50844-990.jpg""]"
133,https://www.corporategear.com/peter-millar-men-s-crown-comfort-interlock-1-4-zip.html?v=product-detail,"[""/resources/parsonskellogg/product/medium/25146.jpg"",""/resources/parsonskellogg/product/medium/25147.jpg"",""/resources/parsonskellogg/product/medium/25148.jpg"",""/resources/parsonskellogg/product/medium/25149.jpg"",""/resources/parsonskellogg/product/medium/25150.jpg"",""/resources/parsonskellogg/product/medium/25151.jpg"",""/resources/parsonskellogg/product/medium/637746507827060129_1006903_5737099_swatch_25241.jpg""]"
135,https://www.corporategear.com/helly-hansen-men-s-tech-1-2-zip.html?v=product-detail,"[""/resources/parsonskellogg/product/medium/1007014_5702664_color_igrk.jpg"",""/resources/parsonskellogg/product/medium/1007014_5702667_color_sthk.jpg""]"
137,https://www.corporategear.com/adidas-men-s-fleece-crew.html?v=product-detail,"[""/resources/parsonskellogg/product/medium/1310071-090.jpg"",""/resources/parsonskellogg/product/medium/1310071-025.jpg"",""/resources/parsonskellogg/product/medium/1310071-001.jpg"",""/resources/parsonskellogg/product/medium/1310071-410.jpg"",""/resources/parsonskellogg/product/medium/637926163312560875_1007249_5749464_swatch_100.jpg""]"
139,https://www.corporategear.com/adidas-men-s-fleece-hoodie.html?v=product-detail,"[""/resources/parsonskellogg/product/medium/og202-blk.jpg"",""/resources/parsonskellogg/product/medium/og202-blu.jpg""]"
141,https://www.corporategear.com/johnnie-o-men-s-sully-1-4-zip-pullover.html?v=product-detail,"[""/resources/parsonskellogg/product/medium/og2010-gry.jpg"",""/resources/parsonskellogg/product/medium/og2010-blk.jpg""]"
143,https://www.corporategear.com/fairway-greene-men-s-valley-1-4-zip-pullover.html?v=product-detail,"[""/resources/parsonskellogg/product/medium/1007617_5706983_color_blk.jpg"",""/resources/parsonskellogg/product/medium/1007617_5706992_color_blu.jpg"",""/resources/parsonskellogg/product/medium/1007617_5707001_color_gry.jpg""]"
145,https://www.corporategear.com/fairway-greene-men-s-baruffa-v-neck-sweater.html?v=product-detail,"[""/resources/parsonskellogg/product/medium/202842_5709814_swatch_1056784.jpg"",""/resources/parsonskellogg/product/medium/202842_5709821_swatch_1056785.jpg"",""/resources/parsonskellogg/product/medium/202842_5709828_swatch_1056787.jpg"",""/resources/parsonskellogg/product/medium/681966_1056716-blk.jpg""]"
147,https://www.corporategear.com/fairway-greene-men-s-caves-1-4-zip-pullover.html?v=product-detail,"[""/resources/parsonskellogg/product/medium/1005629_5710248_color_nvy.jpg"",""/resources/parsonskellogg/product/medium/1005629_5690487_color_blk.jpg""]"
149,https://www.corporategear.com/fairway-greene-men-s-baruffa-1-4-zip-windsweater.html?v=product-detail,"[""/resources/parsonskellogg/product/medium/901076-54.jpg"",""/resources/parsonskellogg/product/medium/901076-51.jpg"",""/resources/parsonskellogg/product/medium/901076-96.jpg"",""/resources/parsonskellogg/product/medium/901076-47.jpg"",""/resources/parsonskellogg/product/medium/901076-52.jpg""]"
151,https://www.corporategear.com/adidas-men-light-weight-1-4-zip.html?v=product-detail,"[""/resources/parsonskellogg/product/medium/st357-blk.jpg"",""/resources/parsonskellogg/product/medium/st357-wht.jpg"",""/resources/parsonskellogg/product/medium/st357-gry.jpg"",""/resources/parsonskellogg/product/medium/st357-nvy.jpg""]"
153,https://www.corporategear.com/charles-river-men-s-space-dyed-pullover.html?v=product-detail,"[""/resources/parsonskellogg/product/medium/493168_7439-blackdkgrey-5-779795blackdkgreyflatfront-1200w.jpg"",""/resources/parsonskellogg/product/medium/493180_7439-blkdkgygymrd-5-779795blkdkgygymrdflatfront-1200w.jpg"",""/resources/parsonskellogg/product/medium/493191_7439-deeproyalblk-5-779795deeproyalblkflatfront-1200w.jpg""]"
155,https://www.corporategear.com/charles-river-men-s-space-dyed-pullover.html,"[""/resources/parsonskellogg/product/medium/637565844526383528_1008249_5712279_color_gry.jpg"",""/resources/parsonskellogg/product/medium/637565844518299386_1008249_5712272_color_blk.png"",""/resources/parsonskellogg/product/medium/637565844150843800_1008249_5712265_color_nvy.jpg""]"
156,https://www.corporategear.com/callaway-golf-men-s-lightweight-1-4-zip.html?v=product-detail,"[""/resources/parsonskellogg/product/medium/637565846934629012_1008251_5712301_color_nvy.png"",""/resources/parsonskellogg/product/medium/637565846665403181_1008251_5712293_color_blk.png"",""/resources/parsonskellogg/product/medium/637565847336415413_1008251_5712317_color_blu.jpg"",""/resources/parsonskellogg/product/medium/637565847322867473_1008251_5712309_color_red.png"",""/resources/parsonskellogg/product/medium/637798247435037567_1008251_5740434_swatch_wht.jpg""]"
158,https://www.corporategear.com/callaway-golf-men-s-water-repellent-1-4-zip.html?v=product-detail,"[""/resources/parsonskellogg/product/medium/637592570023881798_1008481_5713507_color_irn.jpg"",""/resources/parsonskellogg/product/medium/637592570230974867_1008480_5713513_color_nvy.jpg""]"
160,https://www.corporategear.com/callaway-golf-men-s-1-4-zip-mock-pullover.html?v=product-detail,"[""/resources/parsonskellogg/product/medium/1005359_5687541_color_chr.jfif"",""/resources/parsonskellogg/product/medium/1005359_5687548_color_nvy.jfif"",""/resources/parsonskellogg/product/medium/1005359_5687555_color_blk.jfif""]"
162,https://www.corporategear.com/callaway-golf-men-s-ottoman-fleece-1-4-zip.html?v=product-detail,"[""/resources/parsonskellogg/product/medium/1005373_5687741_color_blk.jfif"",""/resources/parsonskellogg/product/medium/1005373_5687748_color_cha.jfif"",""/resources/parsonskellogg/product/medium/1005373_5687755_color_nvy.jfif""]"
164,https://www.corporategear.com/callaway-golf-men-s-caviar-1-4-zip-wind-shirt.html?v=product-detail,"[""/resources/parsonskellogg/product/medium/1505001_8503605_color_nvy.jpeg"",""/resources/parsonskellogg/product/medium/1505001_8503591_color_blk.jpeg"",""/resources/parsonskellogg/product/medium/1505001_8503598_color_dgy.jpeg""]"
166,https://www.corporategear.com/ogio-men-s-radius-1-4-zip.html?v=product-detail,"[""/resources/parsonskellogg/product/medium/746102-blk.jpg"",""/resources/parsonskellogg/product/medium/746102-gry.jpg"",""/resources/parsonskellogg/product/medium/746102-nvy.jpg""]"
168,https://www.corporategear.com/ogio-men-s-limit-1-4-zip.html?v=product-detail,"[""/resources/parsonskellogg/product/medium/637637736733395327_1009211_5716947_color_chr.jpg"",""/resources/parsonskellogg/product/medium/637926311997335115_1009211_5749519_swatch_blk.jpg"",""/resources/parsonskellogg/product/medium/637926314936981176_1009211_5749528_swatch_lgr.jpg""]"
170,https://www.corporategear.com/helly-hansen-men-s-lifa-merino-half-zip.html?v=product-detail,"[""/resources/parsonskellogg/product/medium/nkbv6044-blk.jpg"",""/resources/parsonskellogg/product/medium/nkbv6044-bht.jpg"",""/resources/parsonskellogg/product/medium/nkbv6044-blu.jpg"",""/resources/parsonskellogg/product/medium/nkbv6044-nvy.jpg""]"
172,https://www.corporategear.com/helly-hansen-men-s-daybreaker-1-2-zip.html?v=product-detail,"[""/resources/parsonskellogg/product/medium/400099-ant.jpg"",""/resources/parsonskellogg/product/medium/400099-blk.jpg"",""/resources/parsonskellogg/product/medium/400099-nvy.jpg""]"
174,https://www.corporategear.com/footjoy-men-s-lightweight-striped-half-zip.html?v=product-detail,"[""/resources/parsonskellogg/product/medium/og823-blk.jpg"",""/resources/parsonskellogg/product/medium/og823-gry.jpg""]"
176,https://www.corporategear.com/footjoy-men-s-sport-windshirt.html?v=product-detail,"[""/resources/parsonskellogg/product/medium/og813-blk.jpg"",""/resources/parsonskellogg/product/medium/og813-gry.jpg"",""/resources/parsonskellogg/product/medium/og813-nvy.jpg""]"
178,https://www.corporategear.com/patagonia-men-s-better-sweater-rib-knit-1-4-zip-fleece.html?v=product-detail,"[""/resources/parsonskellogg/product/medium/a492-blk.jpg"",""/resources/parsonskellogg/product/medium/a492-nvy.jpg"",""/resources/parsonskellogg/product/medium/a492-wht.jpg""]"
180,https://www.corporategear.com/adidas-men-s-club-quarter-zip.html?v=product-detail,"[""/resources/parsonskellogg/product/medium/a475-blk.jpg"",""/resources/parsonskellogg/product/medium/a475-nvy.jpg"",""/resources/parsonskellogg/product/medium/a475-gry.jpg""]"
182,https://www.corporategear.com/under-armour-men-s-hustle-quarter-zip-pullover-sweatshirt.html?v=product-detail,"[""/resources/parsonskellogg/product/medium/a295-wht.jpg"",""/resources/parsonskellogg/product/medium/a295-blk.jpg"",""/resources/parsonskellogg/product/medium/a295-nvy.jpg"",""/resources/parsonskellogg/product/medium/a295-gry.jpg""]"
184,https://www.corporategear.com/ogio-men-s-force-1-4-zip.html?v=product-detail,"[""/resources/parsonskellogg/product/medium/637629978918639595_1009028_5715697_color_nvy.jpg"",""/resources/parsonskellogg/product/medium/637629979143275337_1009028_5715698_color_roy.jpg"",""/resources/parsonskellogg/product/medium/a280-blk.jpg"",""/resources/parsonskellogg/product/medium/a280-nvy.jpg"",""/resources/parsonskellogg/product/medium/a280-wht.jpg"",""/resources/parsonskellogg/product/medium/a280-gry.jpg"",""/resources/parsonskellogg/product/medium/a280-red.jpg""]"
186,https://www.corporategear.com/ogio-men-s-pixel-1-4-zip.html?v=product-detail,"[""/resources/parsonskellogg/product/medium/nea512-bht.jpg"",""/resources/parsonskellogg/product/medium/nea512-ght.jpg"",""/resources/parsonskellogg/product/medium/nea512-nht.jpg""]"
188,https://www.corporategear.com/ogio-men-s-pursuit-1-4-zip.html?v=product-detail,"[""/resources/parsonskellogg/product/medium/596807-gry.jpg"",""/resources/parsonskellogg/product/medium/596807-blk.jpg"",""/resources/parsonskellogg/product/medium/596807-blu.jpg"",""/resources/parsonskellogg/product/medium/596807-red.jpg""]"
190,https://www.corporategear.com/ogio-men-s-torque-ii-pullover.html?v=product-detail,"[""/resources/parsonskellogg/product/medium/637727397684886122_1011036_5734002_color_990.jpg""]"
192,https://www.corporategear.com/ogio-men-s-fulcrum-1-4-zip.html?v=product-detail,"[""/resources/parsonskellogg/product/medium/1006765_5699270_color_930.png"",""/resources/parsonskellogg/product/medium/1006765_5699279_color_990.png"",""/resources/parsonskellogg/product/medium/75106-592.jpg"",""/resources/parsonskellogg/product/medium/75106-595.jpg""]"
194,https://www.corporategear.com/ogio-men-s-nexus-1-4-zip-pullover.html?v=product-detail,"[""/resources/parsonskellogg/product/medium/195220-bht.jpg"",""/resources/parsonskellogg/product/medium/195220-ght.jpg"",""/resources/parsonskellogg/product/medium/195220-nvy.jpg""]"
196,https://www.corporategear.com/columbia-men-s-steens-mountain-half-zip-fleece-jacket.html?v=product-detail,"[""/resources/parsonskellogg/product/medium/162523-ght.jpg"",""/resources/parsonskellogg/product/medium/162523-blh.jpg"",""/resources/parsonskellogg/product/medium/162523-nvy.jpg""]"
198,https://www.corporategear.com/bauer-vapor-fleece-1-4-zip-top.html?v=product-detail,"[""/resources/parsonskellogg/product/medium/a522-gry.jpg"",""/resources/parsonskellogg/product/medium/a522-blk.jpg"",""/resources/parsonskellogg/product/medium/a522-nvy.jpg""]"
200,https://www.corporategear.com/vineyard-vines-men-s-collegiate-shep-shirt.html?v=product-detail,"[""/resources/parsonskellogg/product/medium/a520-gry.jpg"",""/resources/parsonskellogg/product/medium/a520-nvy.jpg"",""/resources/parsonskellogg/product/medium/a520-red.jpg"",""/resources/parsonskellogg/product/medium/a520-blk.jpg"",""/resources/parsonskellogg/product/medium/a520-blu.jpg""]"
202,https://www.corporategear.com/zero-restriction-men-s-z500-1-4-zip-pullover.html?v=product-detail,"[""/resources/parsonskellogg/product/medium/637741278189649169_1011332_5736104_color_nht.jpg"",""/resources/parsonskellogg/product/medium/eb254-blk.jpg"",""/resources/parsonskellogg/product/medium/eb254-ght.jpg""]"
204,https://www.corporategear.com/zero-restriction-men-s-torque-1-4-zip-pullover.html?v=product-detail,"[""/resources/parsonskellogg/product/medium/637745735476264015_1011396_5736788_color_25061.jpg"",""/resources/parsonskellogg/product/medium/637745735505738560_1011396_5736795_color_25202.png""]"
206,https://www.corporategear.com/marmot-men-s-rocklin-fleece-half-zip.html?v=product-detail,"[""/resources/parsonskellogg/product/medium/637745722762004216_1011392_5736758_color_33814.jpg"",""/resources/parsonskellogg/product/medium/637745722782447728_1011392_5736764_color_33855.jpg"",""/resources/parsonskellogg/product/medium/637745722805954865_1011392_5736770_color_33856.jpg""]"
208,https://www.corporategear.com/sport-tek-men-s-sport-wick-stretch-1-2-zip-pullover.html?v=product-detail,"[""/resources/parsonskellogg/product/medium/637745700665678617_1011386_5736687_color_25265.png"",""/resources/parsonskellogg/product/medium/637745703676944210_1011386_5737032_color_32666.png"",""/resources/parsonskellogg/product/medium/637745704368204048_1011386_5737039_color_32667.png"",""/resources/parsonskellogg/product/medium/637745705036691564_1011386_5737046_color_32670.png"",""/resources/parsonskellogg/product/medium/637745705624957072_1011386_5737053_color_32675.png""]"
210,https://www.corporategear.com/sport-tek-men-s-posicharge-competitor-1-4-zip-pullover.html?v=product-detail,"[""/resources/parsonskellogg/product/medium/637745656646980648_1011377_5736948_color_32680.png"",""/resources/parsonskellogg/product/medium/637745657178531328_1011378_5736954_color_32681.png"",""/resources/parsonskellogg/product/medium/637745657807281633_1011378_5736960_color_32683.png"",""/resources/parsonskellogg/product/medium/637745658607618087_1011378_5736966_color_32685.png""]"
212,https://www.corporategear.com/eddie-bauer-men-s-1-2-zip-base-layer-fleece.html?v=product-detail,"[""/resources/parsonskellogg/product/medium/637764711190906086_1011502_5737781_color_1090.jpg"",""/resources/parsonskellogg/product/medium/637764712097999241_1011502_5737797_color_9171.jpg"",""/resources/parsonskellogg/product/medium/637764712681994030_1011502_5737805_color_999.jpg""]"
214,https://www.corporategear.com/nike-dri-fit-stretch-1-2-zip-cover-up.html?v=product-detail,"[""/resources/parsonskellogg/product/medium/um1248-1090.jpg"",""/resources/parsonskellogg/product/medium/um1248-9171.jpg"",""/resources/parsonskellogg/product/medium/um1248-999.jpg""]"
216,https://www.corporategear.com/galvin-green-men-s-lucas-pullover.html?v=product-detail,"[""/resources/parsonskellogg/product/medium/fj544-25310.png"",""/resources/parsonskellogg/product/medium/fj544-25311.png"",""/resources/parsonskellogg/product/medium/fj544-25312.png"",""/resources/parsonskellogg/product/medium/fj544-25313.png"",""/resources/parsonskellogg/product/medium/fj544-25314.png""]"
218,https://www.corporategear.com/galvin-green-men-s-dixon-insula-lite-pullover.html?v=product-detail,"[""/resources/parsonskellogg/product/medium/fj553-25297.png"",""/resources/parsonskellogg/product/medium/fj553-25298.png"",""/resources/parsonskellogg/product/medium/fj553-25299.png"",""/resources/parsonskellogg/product/medium/fj553-25300.png""]"
220,https://www.corporategear.com/galvin-green-men-s-drake-insula-pullover.html?v=product-detail,"[""/resources/parsonskellogg/product/medium/637783722448745229_1011816_5739685_color_ha6150.jpg"",""/resources/parsonskellogg/product/medium/637783722454540297_1011816_5739692_color_gm0019.jpg"",""/resources/parsonskellogg/product/medium/637783722464524133_1011816_5739699_color_gm0022.jpg""]"
222,https://www.corporategear.com/galvin-green-men-s-dwight-half-zip.html?v=product-detail,"[""/resources/parsonskellogg/product/medium/ml13s-chr.jpg""]"
224,https://www.corporategear.com/peter-millar-maven-performance-quarter-zip.html?v=product-detail,"[""/resources/parsonskellogg/product/medium/tm1mw452-ind.jpg"",""/resources/parsonskellogg/product/medium/tm1mw452-ght.jpg"",""/resources/parsonskellogg/product/medium/tm1mw452-blk.jpg""]"
226,https://www.corporategear.com/peter-millar-men-s-perth-performance-1-4-zip.html?v=product-detail,"[""/resources/parsonskellogg/product/medium/30208-597.jpg"",""/resources/parsonskellogg/product/medium/30208-606.jpg"",""/resources/parsonskellogg/product/medium/30208-853.jpg"",""/resources/parsonskellogg/product/medium/30208-981.jpg"",""/resources/parsonskellogg/product/medium/30208-222.jpg""]"
228,https://www.corporategear.com/peter-millar-men-s-crown-soft-merino-silk-1-4-zip.html?v=product-detail,"[""/resources/parsonskellogg/product/medium/s16640-blk.jpg"",""/resources/parsonskellogg/product/medium/s16640-gry.jpg""]"
230,https://www.corporategear.com/the-north-face-men-s-mountain-peaks-1-4-zip.html?v=product-detail,"[""/resources/parsonskellogg/product/medium/637853776458385266_1012237_5746049_color_gry.jpg"",""/resources/parsonskellogg/product/medium/637824275663672579_1012237_5742254_color_blk.jpg"",""/resources/parsonskellogg/product/medium/637824276007272262_1012237_5742255_color_nvy.jpg"",""/resources/parsonskellogg/product/medium/637853776650864492_1012237_5746056_color_red.jpg"",""/resources/parsonskellogg/product/medium/637853776895337984_1012237_5746063_color_roy.jpg""]"
232,https://www.corporategear.com/peter-millar-men-s-crown-soft-merino-silk-v-neck.html?v=product-detail,"[""/resources/parsonskellogg/product/medium/ms22ek40b-blu.jpg"",""/resources/parsonskellogg/product/medium/ms22ek40b-pur.jpg""]"
234,https://www.corporategear.com/peter-millar-men-s-crown-soft-crewneck.html?v=product-detail,"[""/resources/parsonskellogg/product/medium/ls4100-blk.jpg"",""/resources/parsonskellogg/product/medium/ls4100-gry.jpg"",""/resources/parsonskellogg/product/medium/ls4100-nvy.jpg""]"
236,https://www.corporategear.com/the-north-face-men-s-skyline-1-2-zip-fleece.html?v=product-detail,"[""/resources/parsonskellogg/product/medium/637635767811376120_1009148_5716277_color_1190.jfif"",""/resources/parsonskellogg/product/medium/637635767499198876_1009148_5716276_color_2731.jfif""]"
238,https://www.corporategear.com/zero-restriction-men-s-power-torque-1-4-zip-short-sleeve-jacket.html?v=product-detail,"[""/resources/parsonskellogg/product/medium/ma21ez01-gry.jpg"",""/resources/parsonskellogg/product/medium/ma21ez01-nvy.jpg""]"
240,https://www.corporategear.com/nike-men-s-dri-fit-fabric-mix-half-zip.html?v=product-detail,"[""/resources/parsonskellogg/product/medium/637915070007907378_1012858_5746274_color_blk.jpg"",""/resources/parsonskellogg/product/medium/637915070073915677_1012858_5746281_color_grn.jpg"",""/resources/parsonskellogg/product/medium/637915070133527913_1012858_5746288_color_chr.jpg"",""/resources/parsonskellogg/product/medium/637915070251919257_1012858_5746295_color_nvy.jpg""]"
242,https://www.corporategear.com/nike-men-s-dri-fit-striped-collar-half-zip.html?v=product-detail,"[""/resources/parsonskellogg/product/medium/1360712-001.jpg"",""/resources/parsonskellogg/product/medium/1360712-011.jpg"",""/resources/parsonskellogg/product/medium/1360712-410.jpg""]"
244,https://www.corporategear.com/nike-men-s-therma-fit-hypervis-half-zip.html?v=product-detail,"[""/resources/parsonskellogg/product/medium/dh0986-003.jpg"",""/resources/parsonskellogg/product/medium/dh0986-451.jpg"",""/resources/parsonskellogg/product/medium/dh0986-010.jpg""]"
246,https://www.corporategear.com/nike-men-s-therma-fit-fleece-half-zip.html?v=product-detail,"[""/resources/parsonskellogg/product/medium/dh1261-010.jpg"",""/resources/parsonskellogg/product/medium/dh1261-451.jpg"",""/resources/parsonskellogg/product/medium/dh1261-025.jpg""]"
248,https://www.corporategear.com/nike-men-s-dry-half-zip.html?v=product-detail,"[""/resources/parsonskellogg/product/medium/6060380_34353239_color_126.jpg""]"
250,https://www.corporategear.com/nike-men-s-dri-fit-half-zip.html?v=product-detail,"[""/resources/parsonskellogg/product/medium/dh4949-341.jpg"",""/resources/parsonskellogg/product/medium/dh4949-658.jpg"",""/resources/parsonskellogg/product/medium/dh4949-342.jpg"",""/resources/parsonskellogg/product/medium/dh4949-060.jpg"",""/resources/parsonskellogg/product/medium/dh4949-052.jpg"",""/resources/parsonskellogg/product/medium/dh4949-010.jpg"",""/resources/parsonskellogg/product/medium/dh4949-420.jpg"",""/resources/parsonskellogg/product/medium/dh4949-494.jpg"",""/resources/parsonskellogg/product/medium/dh4949-419.jpg"",""/resources/parsonskellogg/product/medium/dh4949-657.jpg"",""/resources/parsonskellogg/product/medium/dh4949-011.jpg"",""/resources/parsonskellogg/product/medium/dh4949-061.jpg""]"
252,https://www.corporategear.com/nike-men-s-sport-half-zip.html?v=product-detail,"[""/resources/parsonskellogg/product/medium/mf22ek40b-tea.jpg"",""/resources/parsonskellogg/product/medium/mf22ek40b-mar.jpg"",""/resources/parsonskellogg/product/medium/mf22ek40b-blu.jpg"",""/resources/parsonskellogg/product/medium/mf22ek40b-ylw.jpg"",""/resources/parsonskellogg/product/medium/mf22ek40b-pur.jpg"",""/resources/parsonskellogg/product/medium/mf22ek40b-grn.jpg"",""/resources/parsonskellogg/product/medium/mf22ek40b-ras.jpg""]"
254,https://www.corporategear.com/nike-men-s-half-zip-wind-shirt.html?v=product-detail,"[""/resources/parsonskellogg/product/medium/mf22ek40d-cbl.jpg""]"
256,https://www.corporategear.com/ogio-men-s-flux-quarter-zip.html?v=product-detail,"[""/resources/parsonskellogg/product/medium/mf22ek40g-gry.jpg""]"
258,https://www.corporategear.com/ogio-men-s-transition-quarter-zip.html?v=product-detail,"[""/resources/parsonskellogg/product/medium/mf22ek40i-blk.jpg""]"
260,https://www.corporategear.com/ogio-men-s-luuma-half-zip-fleece.html?v=product-detail,"[""/resources/parsonskellogg/product/medium/mf22ek42-grn.jpg"",""/resources/parsonskellogg/product/medium/mf22ek42-blu.jpg"",""/resources/parsonskellogg/product/medium/mf22ek42-ylw.jpg""]"
262,https://www.corporategear.com/adidas-men-s-3-stripes-french-terry-quarter-zip.html?v=product-detail,"[""/resources/parsonskellogg/product/medium/mf22ek42b-wht.jpg""]"
264,https://www.corporategear.com/adidas-men-s-3-stripes-competition-quarter-zip.html?v=product-detail,"[""/resources/parsonskellogg/product/medium/mf22ek85-blk.jpg"",""/resources/parsonskellogg/product/medium/mf22ek85-grn.jpg"",""/resources/parsonskellogg/product/medium/mf22ek85-spt.jpg""]"
266,https://www.corporategear.com/adidas-men-s-3-stripes-double-knit-quarter-zip-pullover-.html?v=product-detail,"[""/resources/parsonskellogg/product/medium/mf22ez38-mar.jpg"",""/resources/parsonskellogg/product/medium/mf22ez38-blu.jpg"",""/resources/parsonskellogg/product/medium/mf22ez38-gry.jpg"",""/resources/parsonskellogg/product/medium/mf22ez38-irn.jpg"",""/resources/parsonskellogg/product/medium/mf22ez38-grn.jpg"",""/resources/parsonskellogg/product/medium/mf22ez38-nvy.jpg""]"
268,https://www.corporategear.com/adidas-men-s-lightweight-melange-quarter-zip.html?v=product-detail,"[""/resources/parsonskellogg/product/medium/mf22ez53-gry.jpg""]"
270,https://www.corporategear.com/adidas-men-s-heathered-quarter-zip-pullover-with-colorblocked-shoulders.html?v=product-detail,"[""/resources/parsonskellogg/product/medium/mf22ez55-blk.jpg"",""/resources/parsonskellogg/product/medium/mf22ez55-nvy.jpg"",""/resources/parsonskellogg/product/medium/mf22ez55-wht.jpg""]"
272,https://www.corporategear.com/adidas-men-s-performance-textured-quarter-zip.html?v=product-detail,"[""/resources/parsonskellogg/product/medium/mf22ez55b-gry.jpg""]"
274,https://www.corporategear.com/adidas-men-s-brushed-terry-heathered-quarter-zip.html?v=product-detail,"[""/resources/parsonskellogg/product/medium/mf22k60-blk.jpg"",""/resources/parsonskellogg/product/medium/mf22k60-grn.jpg"",""/resources/parsonskellogg/product/medium/mf22k60-gry.jpg"",""/resources/parsonskellogg/product/medium/mf22k60-nvy.jpg"",""/resources/parsonskellogg/product/medium/mf22k60-org.jpg"",""/resources/parsonskellogg/product/medium/mf22k60-stm.jpg""]"
275,https://www.corporategear.com/peter-millar-men-s-autumn-crest-quarter-zip-sweater.html?v=product-detail,"[""/resources/parsonskellogg/product/medium/mf22s01-pur.jpg"",""/resources/parsonskellogg/product/medium/mf22s01-red.jpg"",""/resources/parsonskellogg/product/medium/mf22s01-brn.jpg"",""/resources/parsonskellogg/product/medium/mf22s01-red.jpg"",""/resources/parsonskellogg/product/medium/mf22s01-ind.jpg"",""/resources/parsonskellogg/product/medium/mf22s01-lgr.jpg"",""/resources/parsonskellogg/product/medium/mf22s01-nor.jpg"",""/resources/parsonskellogg/product/medium/mf22s01-org.jpg"",""/resources/parsonskellogg/product/medium/mf22s01-tan.jpg"",""/resources/parsonskellogg/product/medium/mf22s01-ver.jpg""]"
277,https://www.corporategear.com/peter-millar-men-s-autumn-crest-quarter-zip-sweater.html,"[""/resources/parsonskellogg/product/medium/mf22s05-grn.jpg"",""/resources/parsonskellogg/product/medium/mf22s05-nor.jpg""]"
278,https://www.corporategear.com/peter-millar-men-s-autumn-crest-suede-trim-quarter-zip-sweater.html?v=product-detail,"[""/resources/parsonskellogg/product/medium/mf22s11-nvy.jpg"",""/resources/parsonskellogg/product/medium/mf22s11-olv.jpg""]"
280,https://www.corporategear.com/peter-millar-men-s-kitts-twisted-quarter-zip-sweater.html?v=product-detail,"[""/resources/parsonskellogg/product/medium/mf22xk60-blu.jpg"",""/resources/parsonskellogg/product/medium/mf22xk60-blk.jpg"",""/resources/parsonskellogg/product/medium/mf22xk60-bal.jpg"",""/resources/parsonskellogg/product/medium/mf22xk60-bri.jpg"",""/resources/parsonskellogg/product/medium/mf22xk60-pur.jpg"",""/resources/parsonskellogg/product/medium/mf22xk60-nvy.jpg"",""/resources/parsonskellogg/product/medium/mf22xk60-ros.jpg"",""/resources/parsonskellogg/product/medium/mf22xk60-stl.jpg""]"
282,https://www.corporategear.com/peter-millar-men-s-ravens-quarter-zip-sweater.html?v=product-detail,"[""/resources/parsonskellogg/product/medium/mf22xk61-gry.jpg"",""/resources/parsonskellogg/product/medium/mf22xk61-nvy.jpg""]"
284,https://www.corporategear.com/peter-millar-men-s-mill-wool-cashmere-quarter-zip-sweater.html?v=product-detail,"[""/resources/parsonskellogg/product/medium/mf22xs03-grn.jpg"",""/resources/parsonskellogg/product/medium/mf22xs03-bal.jpg"",""/resources/parsonskellogg/product/medium/mf22xs03-pur.jpg"",""/resources/parsonskellogg/product/medium/mf22xs03-ros.jpg""]"
286,https://www.corporategear.com/men-s-peter-millar-stealth-performance-quarter-zip.html?v=product-detail,"[""/resources/parsonskellogg/product/medium/mf22xs15-grn.jpg"",""/resources/parsonskellogg/product/medium/mf22xs15-red.jpg"",""/resources/parsonskellogg/product/medium/mf22xs15-haz.jpg"",""/resources/parsonskellogg/product/medium/mf22xs15-lav.jpg"",""/resources/parsonskellogg/product/medium/mf22xs15-str.jpg"",""/resources/parsonskellogg/product/medium/mf22xs15-ivr.jpg""]"
288,https://www.corporategear.com/peter-millar-men-s-print-stealth-performance-quarter-zip.html?v=product-detail,"[""/resources/parsonskellogg/product/medium/mf22s02-bri.jpg"",""/resources/parsonskellogg/product/medium/mf22s02-red.jpg"",""/resources/parsonskellogg/product/medium/mf22s02-stm.jpg"",""/resources/parsonskellogg/product/medium/mf22s02-tan.jpg""]"
290,https://www.corporategear.com/men-s-peter-millar-stealth-performance-quarter-zip-vest.html?v=product-detail,"[""/resources/parsonskellogg/product/medium/mf22s06-nvy.jpg"",""/resources/parsonskellogg/product/medium/mf22s06-tan.jpg""]"
292,https://www.corporategear.com/peter-millar-men-s-excursionist-flex-performance-pullover.html?v=product-detail,"[""/resources/parsonskellogg/product/medium/mf22s09-nvy.jpg""]"
294,https://www.corporategear.com/men-s-peter-millar-excursionist-flex-quarter-zip.html?v=product-detail,"[""/resources/parsonskellogg/product/medium/mf22s22-grn.jpg"",""/resources/parsonskellogg/product/medium/mf22s22-red.jpg"",""/resources/parsonskellogg/product/medium/mf22s22-irn.jpg"",""/resources/parsonskellogg/product/medium/mf22s22-nvy.jpg""]"
296,https://www.corporategear.com/peter-millar-men-s-worth-quarter-zip.html?v=product-detail,"[""/resources/parsonskellogg/product/medium/mf22xs02-grn.jpg"",""/resources/parsonskellogg/product/medium/mf22xs02-str.jpg"",""/resources/parsonskellogg/product/medium/mf22xs02-spc.jpg"",""/resources/parsonskellogg/product/medium/mf22xs02-vir.jpg""]"
298,https://www.corporategear.com/peter-millar-men-s-artisan-crafted-cashmere-flex-quarter-zip-sweater.html?v=product-detail,"[""/resources/parsonskellogg/product/medium/mf22xs25-red.jpg"",""/resources/parsonskellogg/product/medium/mf22xs25-gry.jpg"",""/resources/parsonskellogg/product/medium/mf22xs25-nvy.jpg""]"
300,https://www.corporategear.com/peter-millar-men-s-flex-adapt-wind-cheater-half-zip.html?v=product-detail,"[""/resources/parsonskellogg/product/medium/mf22s90-blk.jpg"",""/resources/parsonskellogg/product/medium/mf22s90-cob.jpg""]"
302,https://www.corporategear.com/peter-millar-men-s-autumn-crest-v-neck-sweater.html?v=product-detail,"[""/resources/parsonskellogg/product/medium/mf22xs11-gry.jpg""]"
304,https://www.corporategear.com/peter-millar-men-s-parkway-textured-three-button-mockneck-sweater.html?v=product-detail,"[""/resources/parsonskellogg/product/medium/mf22xs21-grn.jpg""]"
306,https://www.corporategear.com/peter-millar-men-s-ridge-cable-crewneck-sweater.html?v=product-detail,"[""/resources/parsonskellogg/product/medium/200223-.jpg"",""""]"
308,https://www.corporategear.com/patagonia-men-s-better-sweater-fleece-jacket-.html?v=product-detail,"[""/resources/parsonskellogg/product/medium/1297169_8458796_color_sth.jpg"",""/resources/parsonskellogg/product/medium/1297169_8458788_color_blk.jpg"",""/resources/parsonskellogg/product/medium/1043670_25528_nena.jpg"",""/resources/parsonskellogg/product/medium/1043694_25528_pek.jpg"",""/resources/parsonskellogg/product/medium/197285_5696313_color_nkfg.jpg"",""/resources/parsonskellogg/product/medium/1040635_25528_nkl.jpg"",""/resources/parsonskellogg/product/medium/637932409853033146_197285_5749564_swatch_ortn.jpg"",""/resources/parsonskellogg/product/medium/637932410022776364_197285_5749572_swatch_dbgr.jpg""]"
310,https://www.corporategear.com/eddie-bauer-men-s-packable-wind-jacket.html?v=product-detail,"[""/resources/parsonskellogg/product/medium/655396_85240_cny.jpg"",""/resources/parsonskellogg/product/medium/1172839_85245_blk.jpg"",""/resources/parsonskellogg/product/medium/1172853_85240_fge.jpg""]"
312,https://www.corporategear.com/men-s-patagonia-torrentshell-3l-jacket.html?v=product-detail,"[""/resources/parsonskellogg/product/medium/966146_ctj162_black_flat_front.jpg"",""/resources/parsonskellogg/product/medium/966154_ctj162_navy_flat_front.jpg"",""/resources/parsonskellogg/product/medium/966162_ctj162_olive_flat_front.jpg""]"
314,https://www.corporategear.com/carhartt-crowley-soft-shell-jacket.html?v=product-detail,"[""/resources/parsonskellogg/product/medium/966341_ct102208_black_flat_front.jpg"",""/resources/parsonskellogg/product/medium/637985864386223033_190124_5763801_swatch_gry.jpg"",""/resources/parsonskellogg/product/medium/637985871451213259_190124_5763808_swatch_mos.jpg""]"
316,https://www.corporategear.com/carhartt-shoreline-jacket.html?v=product-detail,"[""/resources/parsonskellogg/product/medium/938692_eb242_black_flat_front.jpg"",""/resources/parsonskellogg/product/medium/938701_eb242_cobaltblue_flat_front.jpg"",""/resources/parsonskellogg/product/medium/938710_eb242_greysteel_flat_front.jpg"",""/resources/parsonskellogg/product/medium/938719_eb242_riverblue_flat_front.jpg""]"
318,https://www.corporategear.com/eddie-bauer--weatheredge--jacket.html?v=product-detail,"[""/resources/parsonskellogg/product/medium/1298997_8449685_color_blk.jpeg"",""/resources/parsonskellogg/product/medium/1298997_8449695_color_255.jpeg"",""/resources/parsonskellogg/product/medium/1298997_8449705_color_273.jpeg""]"
320,https://www.corporategear.com/carhartt-gilliam-jacket.html?v=product-detail,"[""/resources/parsonskellogg/product/medium/559322_6349-black-5-eb534blackflatfront-1200w.jpg"",""/resources/parsonskellogg/product/medium/559335_6349-canteengrey-5-eb534canteengreyflatfront-1200w.jpg"",""/resources/parsonskellogg/product/medium/559353_6349-greysteel-5-eb534greysteelflatfront-1200w.jpg""]"
322,https://www.corporategear.com/eddie-bauer-full-zip-heather-stretch-fleece-jacket.html?v=product-detail,"[""/resources/parsonskellogg/product/medium/477205_eb536_admiralblue_flat_front.jpg"",""/resources/parsonskellogg/product/medium/477222_eb536_black_flat_front.jpg"",""/resources/parsonskellogg/product/medium/477241_eb536_greysteel_flat_front.jpg""]"
324,https://www.corporategear.com/eddie-bauer--dash-full-zip-fleece-jacket.html?v=product-detail,"[""/resources/parsonskellogg/product/medium/418867_98160_51_z.jpg""]"
326,https://www.corporategear.com/men-s-rocklin-fleece-full.html?v=product-detail,"[""/resources/parsonskellogg/product/medium/476801_eb530_riverblue_flat_front.jpg"",""/resources/parsonskellogg/product/medium/476837_eb530_black_flat_front_060912.jpg"",""/resources/parsonskellogg/product/medium/476854_eb530_greysteel_flat_front_060912.jpg"",""/resources/parsonskellogg/product/medium/476866_eb530_darkadriaticblue_flat_front_060912.jpg""]"
328,https://www.corporategear.com/eddie-bauer-men-s-sweater-fleece-full-zip.html?v=product-detail,"[""/resources/parsonskellogg/product/medium/1047012_83580_balb.jpg"",""/resources/parsonskellogg/product/medium/1047019_83580_blk.jpg"",""/resources/parsonskellogg/product/medium/1047026_83580_cny.jpg"",""/resources/parsonskellogg/product/medium/1047033_83580_fre.jpg"",""/resources/parsonskellogg/product/medium/83580-plgy.jpg"",""/resources/parsonskellogg/product/medium/83580-wax.jpg""]"
330,https://www.corporategear.com/eddie-bauer-men-s-full-zip-micro-fleece-jacket.html?v=product-detail,"[""/resources/parsonskellogg/product/medium/189529_5683270_color_new-navy.jpg"",""/resources/parsonskellogg/product/medium/228182_26171-fea.jpg"",""/resources/parsonskellogg/product/medium/228166_26171-blk.jpg""]"
332,https://www.corporategear.com/eddie-bauer-rugged-ripstop-soft-shell-jacket.html?v=product-detail,"[""/resources/parsonskellogg/product/medium/507744_8324-blackheblack-5-eb540blackheblackflatfront-1200w.jpg"",""/resources/parsonskellogg/product/medium/507761_8324-brillblhegy-5-eb540brillblhegyflatfront-1200w.jpg"",""/resources/parsonskellogg/product/medium/507776_8324-greyhthrgrey-5-eb540greyhthrgreyflatfront-1200w.jpg""]"
334,https://www.corporategear.com/eddie-bauer-weather-resist-soft-shell-jacket.html?v=product-detail,"[""/resources/parsonskellogg/product/medium/1297140_8458271_color_blk.jpg"",""/resources/parsonskellogg/product/medium/1297140_8458278_color_balb.jpg"",""/resources/parsonskellogg/product/medium/1297140_8458285_color_cny.jpg"",""/resources/parsonskellogg/product/medium/83625-bsng.jpg"",""/resources/parsonskellogg/product/medium/83625-plgy.jpg"",""/resources/parsonskellogg/product/medium/83625-tidb.jpg""]"
336,https://www.corporategear.com/eddie-bauer-hooded-soft-shell-parka.html?v=product-detail,"[""/resources/parsonskellogg/product/medium/9317-010.png"",""/resources/parsonskellogg/product/medium/9317-040.png"",""/resources/parsonskellogg/product/medium/9317-204.png""]"
338,https://www.corporategear.com/eddie-bauer-trail-soft-shell-jacket.html?v=product-detail,"[""/resources/parsonskellogg/product/medium/ct102207-blk.jpg"",""/resources/parsonskellogg/product/medium/637985856176970789_1007277_5763793_swatch_gry.jpg""]"
340,https://www.corporategear.com/men-s-gravity-jacket.html?v=product-detail,"[""/resources/parsonskellogg/product/medium/um1282-1113.jpg"",""/resources/parsonskellogg/product/medium/um1282-2881.jpg"",""/resources/parsonskellogg/product/medium/um1282-5085.jpg""]"
342,https://www.corporategear.com/men-s-tempo-jacket.html?v=product-detail,"[""/resources/parsonskellogg/product/medium/dm5946-073.jpg"",""/resources/parsonskellogg/product/medium/dm5946-011.jpg""]"
344,https://www.corporategear.com/eddie-bauer-men-s-soft-shell-jacket.html?v=product-detail,"[""/resources/parsonskellogg/product/medium/638011833324110354_1015008_5769652_swatch_990.jpg""]"
346,https://www.corporategear.com/patagonia-men-s-micro-puff-jacket.html?v=product-detail,"[""/resources/parsonskellogg/product/medium/mf22z10a-irn.jpg""]"
348,https://www.corporategear.com/patagonia-men-s-r1-techface-jacket.html?v=product-detail,"[""/resources/parsonskellogg/product/medium/mf22z90-red.jpg"",""/resources/parsonskellogg/product/medium/mf22z90-blk.jpg""]"
350,https://www.corporategear.com/patagonia-men-s-houdini-jacket.html?v=product-detail,"[""/resources/parsonskellogg/product/medium/71043-990.jpg"",""/resources/parsonskellogg/product/medium/71043-590.jpg""]"
352,https://www.corporategear.com/patagonia-men-s-micro-d-jacket.html?v=product-detail,"[""/resources/parsonskellogg/product/medium/71290-990.jpg"",""/resources/parsonskellogg/product/medium/71290-590.jpg""]"
354,https://www.corporategear.com/eddie-bauer-rain-jacket.html?v=product-detail,"[""/resources/parsonskellogg/product/medium/62643-597.jpg"",""/resources/parsonskellogg/product/medium/62643-990.jpg"",""/resources/parsonskellogg/product/medium/62643-431.jpg""]"
356,https://www.corporategear.com/eddie-bauer-stormrepel-soft-shell-jacket.html?v=product-detail,"[""/resources/parsonskellogg/product/medium/1504939_8502981_color_blk.jpeg"",""/resources/parsonskellogg/product/medium/1504939_8502988_color_dgh.jpeg"",""/resources/parsonskellogg/product/medium/1504939_8502995_color_red.jpeg"",""/resources/parsonskellogg/product/medium/1504939_8503002_color_blu.jpeg""]"
358,https://www.corporategear.com/eddie-bauer-highpoint-fleece-jacket.html?v=product-detail,"[""/resources/parsonskellogg/product/medium/2015-blk.jpg"",""/resources/parsonskellogg/product/medium/2015-blu.jpg"",""/resources/parsonskellogg/product/medium/2015-tan.jpg""]"
360,https://www.corporategear.com/patagonia-men-s-r2-techface-jacket.html?v=product-detail,"[""/resources/parsonskellogg/product/medium/637728391721591542_1011108_5734430_color_344.jpg"",""/resources/parsonskellogg/product/medium/53265-597.jpg""]"
362,https://www.corporategear.com/eddie-bauer-men-s-full-zip-fleece-jacket.html?v=product-detail,"[""/resources/parsonskellogg/product/medium/637745640670516566_1011374_5736549_color_23787.jpg"",""/resources/parsonskellogg/product/medium/637745640674135298_1011374_5736555_color_23795.png"",""/resources/parsonskellogg/product/medium/637745640707450735_1011374_5736561_color_23800.jpg""]"
364,https://www.corporategear.com/charles-river-men-s-axis-soft-shell-jacket.html?v=product-detail,"[""/resources/parsonskellogg/product/medium/53267-990.jpg"",""/resources/parsonskellogg/product/medium/53267-344.jpg""]"
366,https://www.corporategear.com/carhartt-men-s-washed-duck-active-jacket.html?v=product-detail,"[""/resources/parsonskellogg/product/medium/53424-597.jpg"",""/resources/parsonskellogg/product/medium/53424-606.jpg"",""/resources/parsonskellogg/product/medium/53424-300.jpg"",""/resources/parsonskellogg/product/medium/53424-421.jpg"",""/resources/parsonskellogg/product/medium/53424-990.jpg""]"
368,https://www.corporategear.com/carhartt-men-s-full-swing-cryder-jacket.html?v=product-detail,"[""/resources/parsonskellogg/product/medium/s17032-blk.jpg"",""/resources/parsonskellogg/product/medium/s17032-gry.jpg"",""/resources/parsonskellogg/product/medium/s17032-chr.jpg""]"
370,https://www.corporategear.com/berne-men-s-highland-washed-chore-jacket.html?v=product-detail,"[""/resources/parsonskellogg/product/medium/ms22ez01a-nvw.jpg""]"
372,https://www.corporategear.com/under-armour-men-s-haze-wind-sport-half-zip.html?v=product-detail,"[""/resources/parsonskellogg/product/medium/ma22ez01-gry.jpg"",""/resources/parsonskellogg/product/medium/ma22ez01-nvy.jpg""]"
374,https://www.corporategear.com/charles-river-unisex-pack-n-go-pullover.html?v=product-detail,"[""/resources/parsonskellogg/product/medium/70148-770.jpg"",""/resources/parsonskellogg/product/medium/70148-990.jpg""]"
376,https://www.corporategear.com/nike-men-s-pro-flex-vent-max-jacket.html?v=product-detail,"[""/resources/parsonskellogg/product/medium/70283-299.jpg"",""/resources/parsonskellogg/product/medium/70283-480.jpg"",""/resources/parsonskellogg/product/medium/70283-990.jpg""]"
378,https://www.corporategear.com/nike-men-s-full-zip-heavy-jacket.html?v=product-detail,"[""/resources/parsonskellogg/product/medium/1502660_8567271_color_mbl.jpg"",""/resources/parsonskellogg/product/medium/nf0a3lh2-gre.jpg"",""/resources/parsonskellogg/product/medium/nf0a3lh2-blk.jpg"",""/resources/parsonskellogg/product/medium/nf0a3lh2-red.jpg"",""/resources/parsonskellogg/product/medium/nf0a3lh2-olv.jpg""]"
380,https://www.corporategear.com/helly-hansen-men-s-heritage-pile-jacket.html?v=product-detail,"[""/resources/parsonskellogg/product/medium/1072967_27930_ska.jpg"",""/resources/parsonskellogg/product/medium/27930_blk.jpg"",""/resources/parsonskellogg/product/medium/27930_cny.jpg"",""/resources/parsonskellogg/product/medium/27930_fge.jpg""]"
382,https://www.corporategear.com/helly-hansen-men-s-oxford-softshell-jacket.html?v=product-detail,"[""/resources/parsonskellogg/product/medium/og753-blk.jpg"",""/resources/parsonskellogg/product/medium/og753-gry.jpg""]"
384,https://www.corporategear.com/men-s-peter-millar-new-norfolk-quilted-bomber-jacket.html?v=product-detail,"[""/resources/parsonskellogg/product/medium/173802-blk.jpg"",""/resources/parsonskellogg/product/medium/173802-gry.jpg""]"
386,https://www.corporategear.com/peter-millar-men-s-printed-waxed-cotton-field-jacket.html?v=product-detail,"[""/resources/parsonskellogg/product/medium/637781999134024183_1011769_5739393_color_blk.jpg"",""/resources/parsonskellogg/product/medium/637781999744754990_1011769_5739394_color_andb.jpg""]"
388,https://www.corporategear.com/peter-millar-men-s-apres-ski-garment-dyed-moleskin-shirt-jacket.html?v=product-detail,"[""/resources/parsonskellogg/product/medium/84212_cny.jpg"",""/resources/parsonskellogg/product/medium/84212_blk.jpg"",""/resources/parsonskellogg/product/medium/84212_fge.jpg"",""/resources/parsonskellogg/product/medium/637864818414356248_189463_5746720_swatch_meor.jpg"",""/resources/parsonskellogg/product/medium/637864818927060302_189463_5746728_swatch_abb.jpg""]"
390,https://www.corporategear.com/stio-men-s-skycrest-snap-shirt.html?v=product-detail,"[""/resources/parsonskellogg/product/medium/mf22ez16-nvy.jpg""]"
392,https://www.corporategear.com/helly-hansen-men-s-manchester-shell-jacket.html?v=product-detail,"[""/resources/parsonskellogg/product/medium/mf22xz06-nvy.jpg"",""/resources/parsonskellogg/product/medium/mf22xz06-str.jpg""]"
394,https://www.corporategear.com/helly-hansen-men-s-manchester-rain-jacket.html?v=product-detail,"[""/resources/parsonskellogg/product/medium/200024-102.jpg"",""/resources/parsonskellogg/product/medium/200024-410.jpg""]"
396,https://www.corporategear.com/helly-hansen-men-s-oxford-shell-jacket.html?v=product-detail,"[""/resources/parsonskellogg/product/medium/938755_eb244_black_flat_front.jpg"",""/resources/parsonskellogg/product/medium/938764_8996-gyclgystex-5-eb244gyclgystexflatfront-1200w.jpg"",""/resources/parsonskellogg/product/medium/938773_8996-metgygscitr-5-eb244metgygscitrflatfront-1200w.jpg""]"
398,https://www.corporategear.com/helly-hansen-men-s-gale-rain-jacket.html?v=product-detail,"[""/resources/parsonskellogg/product/medium/25139_blk.jpg"",""/resources/parsonskellogg/product/medium/1075597_25139_cny_1.jpg""]"
400,https://www.corporategear.com/helly-hansen-men-s-dubliner-jacket.html?v=product-detail,"[""/resources/parsonskellogg/product/medium/911738_9232-midnightnavy-5-nkah6418midnightnavyflatfront-1200w.jpg"",""/resources/parsonskellogg/product/medium/911729_9232-gameroyal-5-nkah6418gameroyalflatfront-1200w.jpg"",""/resources/parsonskellogg/product/medium/911720_9232-darkgreyhthr-5-nkah6418darkgreyhthrflatfront-1200w.jpg"",""/resources/parsonskellogg/product/medium/911711_9232-black-5-nkah6418blackflatfront-1200w.jpg"",""/resources/parsonskellogg/product/medium/911702_9232-anthracite-5-nkah6418anthraciteflatfront-1200w.jpg""]"
402,https://www.corporategear.com/the-north-face-men-s-city-parka.html?v=product-detail,"[""/resources/parsonskellogg/product/medium/nf0a3lh7-blk.jpg"",""/resources/parsonskellogg/product/medium/nf0a3lh7-nvy.jpg"",""/resources/parsonskellogg/product/medium/nf0a3lh7-tau.jpg"",""/resources/parsonskellogg/product/medium/nf0a3lh7-mgr.jpg""]"
404,https://www.corporategear.com/the-north-face-men-s-dryvent-rain-jacket.html?v=product-detail,"[""/resources/parsonskellogg/product/medium/72097-590.jpg"",""/resources/parsonskellogg/product/medium/72097-990.jpg"",""/resources/parsonskellogg/product/medium/72097-970.jpg""]"
406,https://www.corporategear.com/columbia-men-s-watertight-ii-jacket.html?v=product-detail,"[""/resources/parsonskellogg/product/medium/1504947_8503085_color_blk.jpeg""]"
408,https://www.corporategear.com/columbia-men-s-glennaker-lake-rain-jacket.html?v=product-detail,"[""/resources/parsonskellogg/product/medium/1504959_8503203_color_blk.jpeg"",""/resources/parsonskellogg/product/medium/nf0a3lhh-gry.jpg""]"
410,https://www.corporategear.com/marmot-men-s-precip-eco-anorak-jacket.html?v=product-detail,"[""/resources/parsonskellogg/product/medium/tm1mu420-blk.jpg"",""/resources/parsonskellogg/product/medium/tm1mu420-bln.jpg"",""/resources/parsonskellogg/product/medium/tm1mu420-qsg.jpg""]"
412,https://www.corporategear.com/helly-hansen-men-s-moss-rain-coat.html?v=product-detail,"[""/resources/parsonskellogg/product/medium/og727-gry.jpg"",""/resources/parsonskellogg/product/medium/og727-blk.jpg"",""/resources/parsonskellogg/product/medium/og727-dgr.jpg""]"
414,https://www.corporategear.com/adidas-men-s-provisional-rain-jacket.html?v=product-detail,"[""/resources/parsonskellogg/product/medium/f232-ght.jpg"",""/resources/parsonskellogg/product/medium/f232-bht.jpg""]"
416,https://www.corporategear.com/footjoy-men-s-hydrolite-rain-jacket.html?v=product-detail,"[""/resources/parsonskellogg/product/medium/637727379367517248_1011018_5733879_color_990.png"",""/resources/parsonskellogg/product/medium/637727379379105439_1011018_5733888_color_530.png""]"
418,https://www.corporategear.com/adidas-men-s-rain-ready-jacket.html?v=product-detail,"[""/resources/parsonskellogg/product/medium/195410-nvy.jpg"",""/resources/parsonskellogg/product/medium/195410-ght.jpg"",""/resources/parsonskellogg/product/medium/195410-bht.jpg""]"
420,https://www.corporategear.com/helly-hansen-men-s-moss-jacket.html?v=product-detail,"[""/resources/parsonskellogg/product/medium/200049-410.jpg"",""/resources/parsonskellogg/product/medium/637962452580272044_1011784_5760509_swatch_112.jpg""]"
422,https://www.corporategear.com/helly-hansen-men-s-verglas-micro-shell-jacket.html?v=product-detail,"[""/resources/parsonskellogg/product/medium/187330-bht.jpg"",""/resources/parsonskellogg/product/medium/187330-blr.jpg"",""/resources/parsonskellogg/product/medium/187330-gry.jpg"",""/resources/parsonskellogg/product/medium/187330-nvy.jpg"",""/resources/parsonskellogg/product/medium/187330-reb.jpg""]"
424,https://www.corporategear.com/helly-hansen-men-s-belfast-2-packable-jacket.html?v=product-detail,"[""/resources/parsonskellogg/product/medium/637958216384336778_1014467_5758640_color_nena.jpg"",""/resources/parsonskellogg/product/medium/637958216576084440_1014467_5758641_color_oat.jpg"",""/resources/parsonskellogg/product/medium/637958216790850874_1014467_5758642_color_blk.jpg"",""/resources/parsonskellogg/product/medium/637958217007873697_1014467_5758643_color_plgy.jpg"",""/resources/parsonskellogg/product/medium/637958217244820906_1014467_5758644_color_seqr.jpg""]"
426,https://www.corporategear.com/helly-hansen-men-s-rwb-rigging-rain-jacket.html?v=product-detail,"[""/resources/parsonskellogg/product/medium/72065-990.jpg""]"
428,https://www.corporategear.com/spyder-men-s-patrol-anorak-jacket.html?v=product-detail,"[""/resources/parsonskellogg/product/medium/77041-999.jpg""]"
430,https://www.corporategear.com/spyder-men-s-sygnal-jacket.html?v=product-detail,"[""/resources/parsonskellogg/product/medium/mf22ez37a-blk.jpg"",""/resources/parsonskellogg/product/medium/mf22ez37a-nvy.jpg""]"
432,https://www.corporategear.com/peter-millar-men-s-shield-half-zip-rain-shell-jacket.html?v=product-detail,"[""/resources/parsonskellogg/product/medium/mf22k62-grn.jpg"",""/resources/parsonskellogg/product/medium/mf22k62-irn.jpg"",""/resources/parsonskellogg/product/medium/mf22k62-nvy.jpg""]"
434,https://www.corporategear.com/peter-millar-men-s-shield-short-sleeve-half-zip-rain-jacket.html?v=product-detail,"[""/resources/parsonskellogg/product/medium/mf22z47-blk.jpg"",""/resources/parsonskellogg/product/medium/mf22z47-nvy.jpg""]"
436,https://www.corporategear.com/peter-millar-men-s-shield-rain-shell-half-zip-jacket.html?v=product-detail,"[""/resources/parsonskellogg/product/medium/541185_eb520_black_flat_front_060912.jpg"",""/resources/parsonskellogg/product/medium/541201_eb520_riverblue_flat_front_060912.jpg""]"
438,https://www.corporategear.com/helly-hansen-men-s-mandal-jacket.html?v=product-detail,"[""/resources/parsonskellogg/product/medium/637886481890135691_202502_1338580_swatch_blk.png""]"
440,https://www.corporategear.com/helly-hansen-men-s-impertech-deluxe-jacket.html?v=product-detail,"[""/resources/parsonskellogg/product/medium/30263-990.jpg"",""/resources/parsonskellogg/product/medium/30263-597.jpg"",""/resources/parsonskellogg/product/medium/30263-001.jpg"",""/resources/parsonskellogg/product/medium/30263-162.jpg"",""/resources/parsonskellogg/product/medium/30263-350.jpg"",""/resources/parsonskellogg/product/medium/30263-402.jpg"",""/resources/parsonskellogg/product/medium/30263-606.jpg"",""/resources/parsonskellogg/product/medium/30263-853.jpg""]"
442,https://www.corporategear.com/helly-hansen-men-s-impertech-long-coat.html?v=product-detail,"[""/resources/parsonskellogg/product/medium/oe720-ggr.jpg"",""/resources/parsonskellogg/product/medium/oe720-blk.jpg""]"
444,https://www.corporategear.com/helly-hansen-men-s-storm-rain-jacket.html?v=product-detail,"[""/resources/parsonskellogg/product/medium/1504821_8501775_color_mgh.jpeg"",""/resources/parsonskellogg/product/medium/1504821_8501768_color_blk.jpeg"",""/resources/parsonskellogg/product/medium/1504821_8501782_color_gry.jpeg"",""/resources/parsonskellogg/product/medium/1504821_8501789_color_nvy.jpeg""]"
446,https://www.corporategear.com/patagonia-men-s-nano-air-jacket.html?v=product-detail,"[""/resources/parsonskellogg/product/medium/1504923_8502781_color_blk.jpeg"",""/resources/parsonskellogg/product/medium/1504923_8502788_color_asp.jpeg"",""/resources/parsonskellogg/product/medium/1504923_8502795_color_mgh.jpeg"",""/resources/parsonskellogg/product/medium/1504923_8502802_color_mgy.jpeg"",""/resources/parsonskellogg/product/medium/1504923_8502809_color_blu.jpeg""]"
448,https://www.corporategear.com/the-north-face-men-s-thermoball-trekker-jacket.html?v=product-detail,"[""/resources/parsonskellogg/product/medium/1007623_5707028_color_blk.jpg""]"
450,https://www.corporategear.com/columbia-men-s-powder-lite-jacket.html?v=product-detail,"[""/resources/parsonskellogg/product/medium/c6044-blk.jpg"",""/resources/parsonskellogg/product/medium/c6044-nvy.jpg""]"
452,https://www.corporategear.com/patagonia-men-s-silent-down-jacket.html?v=product-detail,"[""/resources/parsonskellogg/product/medium/w1037-0410.jpg""]"
454,https://www.corporategear.com/the-north-face-men-s-everyday-insulated-jacket.html?v=product-detail,"[""/resources/parsonskellogg/product/medium/j901-blk.jpg"",""/resources/parsonskellogg/product/medium/j901-nvy.jpg"",""/resources/parsonskellogg/product/medium/j901-grp.jpg""]"
456,https://www.corporategear.com/ogio-men-s-street-puffy-jacket.html?v=product-detail,"[""/resources/parsonskellogg/product/medium/st853-blg.jpg"",""/resources/parsonskellogg/product/medium/st853-chg.jpg"",""/resources/parsonskellogg/product/medium/st853-chn.jpg""]"
458,https://www.corporategear.com/helly-hansen-men-s-mono-material-insulator.html?v=product-detail,"[""/resources/parsonskellogg/product/medium/1510282_8543716_color_040.png"",""/resources/parsonskellogg/product/medium/1510282_8543725_color_106.png"",""/resources/parsonskellogg/product/medium/1510282_8543734_color_247.png""]"
460,https://www.corporategear.com/columbia-men-s-pike-lake-jacket.html?v=product-detail,"[""/resources/parsonskellogg/product/medium/og755-blk.jpg"",""/resources/parsonskellogg/product/medium/og755-gry.jpg""]"
462,https://www.corporategear.com/under-armour-men-s-atlas-insulated-jacket.html?v=product-detail,"[""/resources/parsonskellogg/product/medium/oe728-blk.jpg"",""/resources/parsonskellogg/product/medium/oe728-gry.jpg""]"
464,https://www.corporategear.com/patagonia-men-s-grade-vii-down-parka.html?v=product-detail,"[""/resources/parsonskellogg/product/medium/637727367805185342_1011012_5733833_color_590.jpg"",""/resources/parsonskellogg/product/medium/637727367824304593_1011012_5733842_color_990.jpg""]"
466,https://www.corporategear.com/stio-men-s-hometown-down-hooded-jacket.html?v=product-detail,"[""/resources/parsonskellogg/product/medium/155753-blk.jpg"",""/resources/parsonskellogg/product/medium/155753-gry.jpg"",""/resources/parsonskellogg/product/medium/155753-nvy.jpg""]"
468,https://www.corporategear.com/patagonia-men-s-nano-puff-jacket.html?v=product-detail,"[""/resources/parsonskellogg/product/medium/62987-597.jpg"",""/resources/parsonskellogg/product/medium/62987-990.jpg""]"
470,https://www.corporategear.com/spyder-men-s-pelmo-insulated-puffer-jacket.html?v=product-detail,"[""/resources/parsonskellogg/product/medium/ma22ez500-nvy.jpg""]"
472,https://www.corporategear.com/peter-millar-men-s-all-course-jacket.html?v=product-detail,"[""/resources/parsonskellogg/product/medium/eb544-blu.jpg"",""/resources/parsonskellogg/product/medium/eb544-blk.jpg"",""/resources/parsonskellogg/product/medium/eb544-irn.jpg"",""/resources/parsonskellogg/product/medium/eb544-nvy.jpg""]"
474,https://www.corporategear.com/peter-millar-men-s-all-course-camo-color-blocked-jacket.html?v=product-detail,"[""/resources/parsonskellogg/product/medium/mf22xz00-nvy.jpg"",""/resources/parsonskellogg/product/medium/mf22xz00-vir.jpg""]"
476,https://www.corporategear.com/peter-millar-men-s-stitchless-baffle-hybrid-jacket.html?v=product-detail,"[""/resources/parsonskellogg/product/medium/hj375_020.jpg"",""/resources/parsonskellogg/product/medium/hj375_025.jpg""]"
478,https://www.corporategear.com/peter-millar-men-s-apres-ski-jacket.html?v=product-detail,"[""/resources/parsonskellogg/product/medium/1176912_hj51_021.jpg"",""/resources/parsonskellogg/product/medium/1176932_hj51_051.jpg""]"
480,https://www.corporategear.com/stio-men-s-pinion-down-hooded-jacket.html?v=product-detail,"[""/resources/parsonskellogg/product/medium/71345-590.jpg"",""/resources/parsonskellogg/product/medium/71345-990.jpg""]"
482,https://www.corporategear.com/stio-men-s-pinion-down-sweater.html?v=product-detail,"[""/resources/parsonskellogg/product/medium/1504693_8499592_color_001.jpg"",""/resources/parsonskellogg/product/medium/30253-597.jpg"",""/resources/parsonskellogg/product/medium/30253-990.jpg"",""/resources/parsonskellogg/product/medium/637556451875554266_1005439_5711973_swatch_853.jpg"",""/resources/parsonskellogg/product/medium/30253-162.jpg"",""/resources/parsonskellogg/product/medium/30253-606.jpg""]"
484,https://www.corporategear.com/sport-hooded-full-zip-fleece-jacket-eb244.html?v=product-detail,"[""/resources/parsonskellogg/product/medium/1504853_8502188_color_blk.jpeg"",""/resources/parsonskellogg/product/medium/1504853_8502195_color_gry.jpeg"",""/resources/parsonskellogg/product/medium/1504853_8502202_color_nvy.jpeg""]"
486,https://www.corporategear.com/patagonia-men-s-woolyester-fleece-jacket.html?v=product-detail,"[""/resources/parsonskellogg/product/medium/1504989_8503547_color_blk.jpeg"",""/resources/parsonskellogg/product/medium/1504989_8503554_color_blu.jpeg""]"
488,https://www.corporategear.com/carhartt-men-s-thermal-lined-duck-active-jacket.html?v=product-detail,"[""/resources/parsonskellogg/product/medium/966170_ctj131_black_flat_front.jpg"",""/resources/parsonskellogg/product/medium/966180_ctj131_carharttbrown_flat_front.jpg"",""/resources/parsonskellogg/product/medium/966190_ctj131_darknavy_flat_front.jpg""]"
490,https://www.corporategear.com/carhartt-men-s-duck-detroit-jacket.html?v=product-detail,"[""/resources/parsonskellogg/product/medium/965872_ctsj140_black_flat_front.jpg"",""/resources/parsonskellogg/product/medium/965881_ctsj140_carharttbrown_flat_front.jpg"",""/resources/parsonskellogg/product/medium/965890_ctsj140_darknavy_flat_front.jpg"",""/resources/parsonskellogg/product/medium/965899_ctsj140_gravel_flat_front.jpg""]"
492,https://www.corporategear.com/carhartt-men-s-quilted-flannel-lined-duck-active-jacket.html?v=product-detail,"[""/resources/parsonskellogg/product/medium/681923_1056512-blk.jpg""]"
494,https://www.corporategear.com/berne-men-s-flame-resistant-hooded-jacket.html?v=product-detail,"[""/resources/parsonskellogg/product/medium/41200_51_z.jpg""]"
496,https://www.corporategear.com/bauer-surpeme-midweight-jacket.html?v=product-detail,"[""/resources/parsonskellogg/product/medium/og752-blk.jpg"",""/resources/parsonskellogg/product/medium/og752-grn.jpg""]"
498,https://www.corporategear.com/eddie-bauer-men-s-weatheredge-plus-3-in-1-jacket.html?v=product-detail,"[""/resources/parsonskellogg/product/medium/637727391450014178_1011026_5733940_color_990.jpg""]"
500,https://www.corporategear.com/marmot-men-s-precip-jacket.html?v=product-detail,"[""/resources/parsonskellogg/product/medium/637728351414211971_1011086_5734300_color_990.jpg"",""/resources/parsonskellogg/product/medium/637727504845010229_1011086_5734291_color_001.png"",""/resources/parsonskellogg/product/medium/33874-597.jpg"",""/resources/parsonskellogg/product/medium/33874-162.jpg"",""/resources/parsonskellogg/product/medium/33874-328.jpg"",""/resources/parsonskellogg/product/medium/33874-606.jpg"",""/resources/parsonskellogg/product/medium/33874-853.jpg""]"
502,https://www.corporategear.com/carhartt-men-s-sherpa-lined-coat.html?v=product-detail,"[""/resources/parsonskellogg/product/medium/62938-990.jpg""]"
504,https://www.corporategear.com/ogio-men-s-utilitarian-jacket.html?v=product-detail,"[""/resources/parsonskellogg/product/medium/187590-blk.jpg""]"
506,https://www.corporategear.com/helly-hansen-men-s-hp-racing-lifaloft-jacket.html?v=product-detail,"[""/resources/parsonskellogg/product/medium/186452-blk.jpg""]"
508,https://www.corporategear.com/helly-hansen-men-s-chelsea-evo-pile-jacket.html?v=product-detail,"[""/resources/parsonskellogg/product/medium/637751533019965811_1011441_5737311_color_130.jpg"",""/resources/parsonskellogg/product/medium/637751533276810362_1011441_5737312_color_979.jpg"",""/resources/parsonskellogg/product/medium/637751533500159666_1011441_5737313_color_990.jpg""]"
510,https://www.corporategear.com/helly-hansen-men-s-seven-j-jacket.html?v=product-detail,"[""/resources/parsonskellogg/product/medium/62684-606.jpg"",""/resources/parsonskellogg/product/medium/62684-226.jpg"",""/resources/parsonskellogg/product/medium/62684-990.jpg""]"
512,https://www.corporategear.com/helly-hansen-men-s-crew-hooded-midlayer-jacket.html?v=product-detail,"[""/resources/parsonskellogg/product/medium/65792-990.png"",""/resources/parsonskellogg/product/medium/65792-674.jpg""]"
514,https://www.corporategear.com/helly-hansen-men-s-odin-stretch-hooded-insulator-jacket.html?v=product-detail,"[""/resources/parsonskellogg/product/medium/63102-990.jpg"",""/resources/parsonskellogg/product/medium/63102-421.jpg"",""/resources/parsonskellogg/product/medium/63102-328.jpg""]"
516,https://www.corporategear.com/helly-hansen-mens-odin-9-worlds-2.0-jacket.html?v=product-detail,"[""/resources/parsonskellogg/product/medium/30205-597.jpg"",""/resources/parsonskellogg/product/medium/30205-980.jpg"",""/resources/parsonskellogg/product/medium/30205-606.jpg"",""/resources/parsonskellogg/product/medium/30205-300.jpg""]"
518,https://www.corporategear.com/helly-hansen-men-s-verglas-infinity-shell-jacket.html?v=product-detail,"[""/resources/parsonskellogg/product/medium/s17918-blk.jpg"",""/resources/parsonskellogg/product/medium/s17918-gry.jpg""]"
520,https://www.corporategear.com/columbia-men-s-delta-ridge-down-jacket.html?v=product-detail,"[""/resources/parsonskellogg/product/medium/s17745-blk.jpg""]"
522,https://www.corporategear.com/columbia-men-s-grand-wall-jacket.html?v=product-detail,"[""/resources/parsonskellogg/product/medium/637860600256563708_1012876_5746457_color_blk.jfif"",""/resources/parsonskellogg/product/medium/637860600265655640_1012876_5746464_color_nvy.jfif"",""/resources/parsonskellogg/product/medium/637860600282575577_1012876_5746471_color_grn.jfif""]"
524,https://www.corporategear.com/columbia-men-s-grand-trek-hooded-down-jacket.html?v=product-detail,"[""/resources/parsonskellogg/product/medium/71140-950.jpg""]"
526,https://www.corporategear.com/columbia-men-s-tipton-peak-insulated-jacket.html?v=product-detail,"[""/resources/parsonskellogg/product/medium/71362-990.jpg""]"
528,https://www.corporategear.com/helly-hansen-men-s-berg-jacket.html?v=product-detail,"[""/resources/parsonskellogg/product/medium/mf22z06-brn.jpg""]"
530,https://www.corporategear.com/stio-men-s-azura-jacket.html?v=product-detail,"[""/resources/parsonskellogg/product/medium/mf22z18-olv.jpg"",""/resources/parsonskellogg/product/medium/mf22z18-wal.jpg""]"
532,https://www.corporategear.com/helly-hansen-men-s-odin-9-world-s-infinity-shell-jacket.html?v=product-detail,"[""/resources/parsonskellogg/product/medium/mf22z12a-nvy.jpg""]"
534,https://www.corporategear.com/helly-hansen-men-s-hp-ocean-jacket.html?v=product-detail,"[""/resources/parsonskellogg/product/medium/mf22xz62-gry.jpg"",""/resources/parsonskellogg/product/medium/mf22xz62-nvy.jpg""]"
536,https://www.corporategear.com/helly-hansen-men-s-lifaloft-air-insulator-jacket.html?v=product-detail,"[""/resources/parsonskellogg/product/medium/mf22z16-nvy.jpg""]"
538,https://www.corporategear.com/helly-hansen-men-s-lifaloft-insulator-jacket.html?v=product-detail,"[""/resources/parsonskellogg/product/medium/oe700-ggr.jpg"",""/resources/parsonskellogg/product/medium/oe700-blk.jpg"",""/resources/parsonskellogg/product/medium/oe700-ebl.jpg""]"
540,https://www.corporategear.com/helly-hansen-men-s-cascade-shield-jacket.html?v=product-detail,"[""/resources/parsonskellogg/product/medium/tm1mu422-blk.jpg"",""/resources/parsonskellogg/product/medium/tm1mu422-qsh.jpg"",""/resources/parsonskellogg/product/medium/tm1mu422-ind.jpg""]"
542,https://www.corporategear.com/helly-hansen-men-s-crew-insulator-2.0-jacket.html?v=product-detail,"[""/resources/parsonskellogg/product/medium/1007531_5706300_color_001.jfif"",""/resources/parsonskellogg/product/medium/1007531_5706308_color_410.jfif""]"
544,https://www.corporategear.com/helly-hansen-men-s-hp-racing-jacket.html?v=product-detail,"[""/resources/parsonskellogg/product/medium/681879_1056586-blk.jpg""]"
546,https://www.corporategear.com/spyder-men-s-diamond-jacket.html?v=product-detail,"[""/resources/parsonskellogg/product/medium/w1015-0410.jpg"",""/resources/parsonskellogg/product/medium/w1015-002.jpg""]"
548,https://www.corporategear.com/spyder-men-s-glydelite-jacket.html?v=product-detail,"[""/resources/parsonskellogg/product/medium/r1025-0410.jpg"",""/resources/parsonskellogg/product/medium/r1025-002.jpg""]"
550,https://www.corporategear.com/spyder-men-s-powerglyde-jacket.html?v=product-detail,"[""/resources/parsonskellogg/product/medium/637565812226252714_1008245_5712224_color_blk.png"",""/resources/parsonskellogg/product/medium/637565839348629529_1008245_5712233_color_nvy.png"",""/resources/parsonskellogg/product/medium/637565813933574228_1008245_5712242_color_gry.png""]"
552,https://www.corporategear.com/spyder-unisex-diamond-parka.html?v=product-detail,"[""/resources/parsonskellogg/product/medium/og754-blk.jpg"",""/resources/parsonskellogg/product/medium/og754-grn.jpg"",""/resources/parsonskellogg/product/medium/og754-gry.jpg""]"
554,https://www.corporategear.com/spyder-men-s-transit-jacket.html?v=product-detail,"[""/resources/parsonskellogg/product/medium/514709_8604-blacktwistbk-5-nea503blacktwistblackflatfront1.jpg"",""/resources/parsonskellogg/product/medium/514723_8604-trnytwtrny-5-nea503truenavytwisttruenavyflatfront1.jpg"",""/resources/parsonskellogg/product/medium/514745_8604-ltgrphtwgph-5-nea503lightgraphitetwistgraphiteflatfront1.jpg""]"
556,https://www.corporategear.com/peter-millar-men-s-suffolk-quilted-travel-jacket.html?v=product-detail,"[""/resources/parsonskellogg/product/medium/9700-bht.jpg"",""/resources/parsonskellogg/product/medium/9700-ght.jpg"",""/resources/parsonskellogg/product/medium/9700-grn.jpg""]"
558,https://www.corporategear.com/nike-men-s-down-fill-parka.html?v=product-detail,"[""/resources/parsonskellogg/product/medium/191071-blk.jpg"",""/resources/parsonskellogg/product/medium/191071-gry.jpg"",""/resources/parsonskellogg/product/medium/191071-nvy.jpg""]"
560,https://www.corporategear.com/helly-hansen-men-s-chelsea-evo-shell-jacket.html?v=product-detail,"[""/resources/parsonskellogg/product/medium/og824-gry.jpg"",""/resources/parsonskellogg/product/medium/og824-blk.jpg""]"
562,https://www.corporategear.com/helly-hansen-men-s-manchester-winter-jacket.html?v=product-detail,"[""/resources/parsonskellogg/product/medium/637745623236274445_1011372_5736521_color_35376.jpg"",""/resources/parsonskellogg/product/medium/637745623239711891_1011372_5736528_color_35377.png"",""/resources/parsonskellogg/product/medium/637745623245846251_1011372_5736535_color_35378.png"",""/resources/parsonskellogg/product/medium/637745623258334433_1011372_5736542_color_35379.png""]"
564,https://www.corporategear.com/helly-hansen-men-s-bifrost-winter-parka.html?v=product-detail,"[""/resources/parsonskellogg/product/medium/cfzj-nvy.jpg""]"
566,https://www.corporategear.com/helly-hansen-men-s-oxford-winter-jacket.html?v=product-detail,"[""/resources/parsonskellogg/product/medium/53219-990.jpg"",""/resources/parsonskellogg/product/medium/53219-597.jpg"",""/resources/parsonskellogg/product/medium/53219-606.jpg"",""/resources/parsonskellogg/product/medium/53219-300.jpg""]"
568,https://www.corporategear.com/peter-millar-men-s-suffolk-quilted-suede-travel-coat.html?v=product-detail,"[""/resources/parsonskellogg/product/medium/s17742-blk.jpg"",""/resources/parsonskellogg/product/medium/s17742-gry.jpg"",""/resources/parsonskellogg/product/medium/s17742-nvy.jpg""]"
570,https://www.corporategear.com/peter-millar-men-s-suffolk-quilted-wool-travel-coat.html?v=product-detail,"[""/resources/parsonskellogg/product/medium/1007943_5709876_color_nvy.jfif"",""/resources/parsonskellogg/product/medium/1007943_5709882_color_blk.jfif""]"
572,https://www.corporategear.com/peter-millar-men-s-corduroy-chore-coat.html?v=product-detail,"[""/resources/parsonskellogg/product/medium/ma22ez50b-nvw.jpg""]"
574,https://www.corporategear.com/peter-millar-men-s-cotton-flannel-trucker-jacket.html?v=product-detail,"[""/resources/parsonskellogg/product/medium/637915048330071102_1012275_5742645_color_nvy.jpg""]"
576,https://www.corporategear.com/men-s-peter-millar-suffolk-quilted-travel-coat.html?v=product-detail,"[""/resources/parsonskellogg/product/medium/og850-gry.jpg"",""/resources/parsonskellogg/product/medium/og850-blu.jpg"",""/resources/parsonskellogg/product/medium/og850-blk.jpg""]"
578,https://www.corporategear.com/peter-millar-men-s-alpine-wool-quilted-blazer.html?v=product-detail,"[""/resources/parsonskellogg/product/medium/mf22ez50a-mar.jpg""]"
580,https://www.corporategear.com/peter-millar-men-s-artisan-crafted-cashmere-chore-coat.html?v=product-detail,"[""/resources/parsonskellogg/product/medium/mf22xz60-str.jpg""]"
582,https://www.corporategear.com/peter-millar-men-s-excursionist-city-coat.html?v=product-detail,"[""/resources/parsonskellogg/product/medium/mf22z10-blu.jpg"",""/resources/parsonskellogg/product/medium/mf22z10-org.jpg""]"
584,https://www.corporategear.com/peter-millar-men-s-waxed-cotton-field-jacket.html?v=product-detail,"[""/resources/parsonskellogg/product/medium/mf22s08-irn.jpg""]"
586,https://www.corporategear.com/callaway-golf-men-s-stretch-performance-jacket.html?v=product-detail,"[""/resources/parsonskellogg/product/medium/mf22ez54a-wht.jpg""]"
588,https://www.corporategear.com/ogio-men-s-fulcrum-full-zip.html?v=product-detail,"[""/resources/parsonskellogg/product/medium/637921834338031846_1006015_5693738_swatch_001.jpg"",""/resources/parsonskellogg/product/medium/637921834396799143_1006015_5693745_swatch_008.jpg"",""/resources/parsonskellogg/product/medium/637921834460391221_1006015_5693752_swatch_301.jpg"",""/resources/parsonskellogg/product/medium/637921834523407712_1006015_5693759_swatch_400.jpg"",""/resources/parsonskellogg/product/medium/637921834585941421_1006015_5693766_swatch_410.jpg"",""/resources/parsonskellogg/product/medium/637921834704909815_1006015_5693773_swatch_600.jpg""]"
590,https://www.corporategear.com/the-north-face-men-s-all-weather-dryvent-stretch-jacket.html?v=product-detail,"[""/resources/parsonskellogg/product/medium/at5300-012.jpg"",""/resources/parsonskellogg/product/medium/at5300-061.jpg"",""/resources/parsonskellogg/product/medium/at5300-065.jpg"",""/resources/parsonskellogg/product/medium/at5300-420.jpg"",""/resources/parsonskellogg/product/medium/at5300-494.jpg"",""/resources/parsonskellogg/product/medium/at5300-612.jpg"",""/resources/parsonskellogg/product/medium/at5300-546.jpg"",""/resources/parsonskellogg/product/medium/at5300-342.jpg"",""/resources/parsonskellogg/product/medium/at5300-670.jpg"",""/resources/parsonskellogg/product/medium/at5300-658.jpg""]"
592,https://www.corporategear.com/travismathew-men-s-surfside-full-zip-jacket.html?v=product-detail,"[""/resources/parsonskellogg/product/medium/ge2751-fm4014.jpg"",""/resources/parsonskellogg/product/medium/ge2751-fq1279.jpg"",""/resources/parsonskellogg/product/medium/ge2751-fq1308.jpg""]"
594,https://www.corporategear.com/callaway-golf-men-s-full-zip-wind-jacket.html?v=product-detail,"[""/resources/parsonskellogg/product/medium/oe711-gry.jpg""]"
596,https://www.corporategear.com/callaway-golf-men-s-ultrasonic-quilted-jacket.html?v=product-detail,"[""/resources/parsonskellogg/product/medium/oe703-blk.jpg"",""/resources/parsonskellogg/product/medium/oe703-gry.jpg"",""/resources/parsonskellogg/product/medium/oe703-nvy.jpg"",""/resources/parsonskellogg/product/medium/oe703-olv.jpg""]"
598,https://www.corporategear.com/ogio-men-s-hinge-full-zip-jacket.html?v=product-detail,"[""/resources/parsonskellogg/product/medium/oe503-blk.jpg"",""/resources/parsonskellogg/product/medium/oe503-gry.jpg""]"
600,https://www.corporategear.com/bauer-supreme-lightweight-jacket.html?v=product-detail,"[""/resources/parsonskellogg/product/medium/nea650-whb.jpg"",""/resources/parsonskellogg/product/medium/nea650-bll.jpg"",""/resources/parsonskellogg/product/medium/nea650-nwh.jpg""]"
602,https://www.corporategear.com/zero-restriction-men-s-z625-jacket.html?v=product-detail,"[""/resources/parsonskellogg/product/medium/596806-blk.jpg"",""/resources/parsonskellogg/product/medium/596806-gry.jpg""]"
604,https://www.corporategear.com/zero-restriction-men-s-z700-full-zip-jacket.html?v=product-detail,"[""/resources/parsonskellogg/product/medium/637721492673614686_1010981_5733614_color_025.jfif"",""/resources/parsonskellogg/product/medium/637721492679637651_1010981_5733620_color_010.jfif"",""/resources/parsonskellogg/product/medium/637721492691825809_1010981_5733626_color_451.jfif""]"
606,https://www.corporategear.com/zero-restriction-men-s-power-torque-full-zip-jacket.html?v=product-detail,"[""/resources/parsonskellogg/product/medium/fj541-32677.png""]"
608,https://www.corporategear.com/zero-restriction-men-s-z2000-jacket.html?v=product-detail,"[""/resources/parsonskellogg/product/medium/cw6113-014.jpg"",""/resources/parsonskellogg/product/medium/cw6113-453.jpg"",""/resources/parsonskellogg/product/medium/cw6113-463.jpg"",""/resources/parsonskellogg/product/medium/cw6113-362.jpg"",""/resources/parsonskellogg/product/medium/cw6113-100.jpg"",""/resources/parsonskellogg/product/medium/cw6113-719.jpg"",""/resources/parsonskellogg/product/medium/cw6113-657.jpg"",""/resources/parsonskellogg/product/medium/cw6113-677.jpg""]"
610,https://www.corporategear.com/core-365-men-s-motivate-unlined-lightweight-jacket.html?v=product-detail,"[""/resources/parsonskellogg/product/medium/cz2217-410.jpg"",""/resources/parsonskellogg/product/medium/cz2217-068.jpg"",""/resources/parsonskellogg/product/medium/637957472605613335_1013396_5750537_color_010.jpg""]"
612,https://www.corporategear.com/galvin-green-men-s-arlie-jacket.html?v=product-detail,"[""/resources/parsonskellogg/product/medium/bv6885-010.jpg"",""/resources/parsonskellogg/product/medium/bv6885-410.jpg"",""/resources/parsonskellogg/product/medium/bv6885-463.jpg"",""/resources/parsonskellogg/product/medium/bv6885-657.jpg""]"
614,https://www.corporategear.com/galvin-green-men-s-apollo-jacket.html?v=product-detail,"[""/resources/parsonskellogg/product/medium/cw6157-451.jpg""]"
